github_path,provenance_category,canonical_source_path,canonical_source_sha256,github_sha256,hash_match,reason_for_derivation,size_bytes,purpose
.gitignore,AUTHORED_GITHUB_DOCUMENT,,,f30fd8368e600b175e638f0cc0618f7cf87a3f7cd25706ada18c852a7957a50a,N/A (authored),,2496,"Excludes data, archives, environments, credentials"
CITATION.cff,AUTHORED_GITHUB_DOCUMENT,,,23418947905a67157964ff5545f19b07d593af29271bb6411a0b8c39227f185e,N/A (authored),,1922,Citation metadata (no license field while licensing is pending)
GITHUB_REPOSITORY_MANIFEST_v1.csv,AUTHORED_GITHUB_DOCUMENT,,,535f9501b9a6ab8c40b269033ded02a9e8335d7b00276f25ea9be442dcd2413d,N/A (authored),,49859,This manifest (CSV)
GITHUB_REPOSITORY_MANIFEST_v1.md,AUTHORED_GITHUB_DOCUMENT,,,9d211b3c2414566cbac4040e9ff7ec45c781d54785cd030d2608d1f2347beda0,N/A (authored),,5261,This manifest (report)
LICENSE_PENDING.md,AUTHORED_GITHUB_DOCUMENT,,,4e2da7e416eb68fe9f8c155168d66cd08cefba2c3589606481ba7b103bbd41a8,N/A (authored),,2184,Licensing pending confirmation; third-party terms preserved
README.md,AUTHORED_GITHUB_DOCUMENT,,,f735368406e869ac40dfc5d62cecaaf447e70406766018968c27e1a1e2f2e8b4,N/A (authored),,21636,Repository README (all 25 required sections)
dataset_metadata/experiment_b_training_class_statistics_v1_frozen.json,BYTE_IDENTICAL_COPY,CSE498/LTLC_BLACKBOOK_FINAL/02_dataset_metadata/experiment_b_training_class_statistics_v1_frozen.json,556128fb9ce1f22eb049a2531621b3779bec7069f7678210c13c1f162d6aea32,556128fb9ce1f22eb049a2531621b3779bec7069f7678210c13c1f162d6aea32,TRUE,,8153,"Dataset metadata: class mappings, counts, imbalance ratios"
dataset_metadata/final_training_imbalance_summary.csv,BYTE_IDENTICAL_COPY,CSE498/LTLC_BLACKBOOK_FINAL/02_dataset_metadata/final_training_imbalance_summary.csv,009e57703cb39acf4ca65798804f1c61a7c0a6e95779a8b19d54d328b6b1c7c3,009e57703cb39acf4ca65798804f1c61a7c0a6e95779a8b19d54d328b6b1c7c3,TRUE,,198,"Dataset metadata: class mappings, counts, imbalance ratios"
dataset_metadata/notebook01_protocol_metadata.json,BYTE_IDENTICAL_COPY,CSE498/LTLC_BLACKBOOK_FINAL/02_dataset_metadata/notebook01_protocol_metadata.json,cdac2c2ef2e3caeae03c4661c28427904a1b3e6385e1db9aff340750b3a25c56,cdac2c2ef2e3caeae03c4661c28427904a1b3e6385e1db9aff340750b3a25c56,TRUE,,7186,"Dataset metadata: class mappings, counts, imbalance ratios"
dataset_metadata/official_imbalance_summary.csv,BYTE_IDENTICAL_COPY,CSE498/LTLC_BLACKBOOK_FINAL/02_dataset_metadata/official_imbalance_summary.csv,e01c258d24f3c1ffbaf13254ed0c951318b353f48a1a3013867a94d81ad6dded,e01c258d24f3c1ffbaf13254ed0c951318b353f48a1a3013867a94d81ad6dded,TRUE,,202,"Dataset metadata: class mappings, counts, imbalance ratios"
dataset_metadata/pingan_fixed_70_30_counts.csv,BYTE_IDENTICAL_COPY,CSE498/LTLC_BLACKBOOK_FINAL/02_dataset_metadata/pingan_fixed_70_30_counts.csv,dcf35bb3ee386fcf6b5dc1b5cc01758657c2e515987607bdb1ba446ddd28c473,dcf35bb3ee386fcf6b5dc1b5cc01758657c2e515987607bdb1ba446ddd28c473,TRUE,,295,"Dataset metadata: class mappings, counts, imbalance ratios"
dataset_metadata/pingan_frequency_groups.csv,BYTE_IDENTICAL_COPY,CSE498/LTLC_BLACKBOOK_FINAL/02_dataset_metadata/pingan_frequency_groups.csv,fa553eab36f5a3ca33ecf5a640534b0e1b9a8a747fc3ab970018ad0d110dcbd3,fa553eab36f5a3ca33ecf5a640534b0e1b9a8a747fc3ab970018ad0d110dcbd3,TRUE,,418,"Dataset metadata: class mappings, counts, imbalance ratios"
dataset_metadata/pingan_official_class_counts.csv,BYTE_IDENTICAL_COPY,CSE498/LTLC_BLACKBOOK_FINAL/02_dataset_metadata/pingan_official_class_counts.csv,75b3c171dfc50d5a2c66545ec735773f77d7f2f6cab6af3908fe734bb244cf7e,75b3c171dfc50d5a2c66545ec735773f77d7f2f6cab6af3908fe734bb244cf7e,TRUE,,260,"Dataset metadata: class mappings, counts, imbalance ratios"
dataset_metadata/public_split_protocol_summary.csv,BYTE_IDENTICAL_COPY,CSE498/LTLC_BLACKBOOK_FINAL/02_dataset_metadata/public_split_protocol_summary.csv,9008fd166b9222dcafa5b339df9b4ae8c5bb9f2e8ffe59b75d806cc8be92094b,9008fd166b9222dcafa5b339df9b4ae8c5bb9f2e8ffe59b75d806cc8be92094b,TRUE,,180,"Dataset metadata: class mappings, counts, imbalance ratios"
dataset_metadata/qingyun_fixed_70_30_counts.csv,BYTE_IDENTICAL_COPY,CSE498/LTLC_BLACKBOOK_FINAL/02_dataset_metadata/qingyun_fixed_70_30_counts.csv,2118683b6bd21ea82876b9e095c78a27de6183dfb935e5e4fc13f30e8e89f184,2118683b6bd21ea82876b9e095c78a27de6183dfb935e5e4fc13f30e8e89f184,TRUE,,218,"Dataset metadata: class mappings, counts, imbalance ratios"
dataset_metadata/qingyun_frequency_groups.csv,BYTE_IDENTICAL_COPY,CSE498/LTLC_BLACKBOOK_FINAL/02_dataset_metadata/qingyun_frequency_groups.csv,9c01c5ad8c72b764e1a04045b5a6e7c0c1f04b04212de867c7af92aa5c81af3b,9c01c5ad8c72b764e1a04045b5a6e7c0c1f04b04212de867c7af92aa5c81af3b,TRUE,,308,"Dataset metadata: class mappings, counts, imbalance ratios"
dataset_metadata/qingyun_official_class_counts.csv,BYTE_IDENTICAL_COPY,CSE498/LTLC_BLACKBOOK_FINAL/02_dataset_metadata/qingyun_official_class_counts.csv,1f9b3522405e4c2991b7212fedbab6aa769e89fe016b4503d3c11aeee15b95f9,1f9b3522405e4c2991b7212fedbab6aa769e89fe016b4503d3c11aeee15b95f9,TRUE,,192,"Dataset metadata: class mappings, counts, imbalance ratios"
dataset_metadata/tangdaowan_fixed_70_30_counts.csv,BYTE_IDENTICAL_COPY,CSE498/LTLC_BLACKBOOK_FINAL/02_dataset_metadata/tangdaowan_fixed_70_30_counts.csv,d2d658fa970106be3f51a6da523934606d9d82dfd5deb47478aa2a815bb36584,d2d658fa970106be3f51a6da523934606d9d82dfd5deb47478aa2a815bb36584,TRUE,,392,"Dataset metadata: class mappings, counts, imbalance ratios"
dataset_metadata/tangdaowan_frequency_groups.csv,BYTE_IDENTICAL_COPY,CSE498/LTLC_BLACKBOOK_FINAL/02_dataset_metadata/tangdaowan_frequency_groups.csv,580f83587ab45d45bde4e7436ac48305ab741f596fe2bd460fcb5ad9099a2b01,580f83587ab45d45bde4e7436ac48305ab741f596fe2bd460fcb5ad9099a2b01,TRUE,,567,"Dataset metadata: class mappings, counts, imbalance ratios"
dataset_metadata/tangdaowan_official_class_counts.csv,BYTE_IDENTICAL_COPY,CSE498/LTLC_BLACKBOOK_FINAL/02_dataset_metadata/tangdaowan_official_class_counts.csv,05212bb8384e6f45b31c4b929ff48d4b8546cf11cd85682b9ffdde53dac045d1,05212bb8384e6f45b31c4b929ff48d4b8546cf11cd85682b9ffdde53dac045d1,TRUE,,359,"Dataset metadata: class mappings, counts, imbalance ratios"
docs/BLACK_BOOK_FINAL_FIGURE_MANIFEST_v1.md,BYTE_IDENTICAL_COPY,CSE498/LTLC_BLACKBOOK_FINAL/12_black_book/BLACK_BOOK_FINAL_FIGURE_MANIFEST_v1.md,16de023301890350ef8a6599c99310af38b0eaed12391f6c7bb77b9d16ee2054,16de023301890350ef8a6599c99310af38b0eaed12391f6c7bb77b9d16ee2054,TRUE,,12247,"Approved figures, captions, placement"
docs/BLACK_BOOK_GOVERNANCE_TIMELINE_ADDENDUM_v1.md,BYTE_IDENTICAL_COPY,CSE498/LTLC_BLACKBOOK_FINAL/12_black_book/BLACK_BOOK_GOVERNANCE_TIMELINE_ADDENDUM_v1.md,9560c277bd8128a1a6d53518f5870babe81d8c3c468526f77890ecc308d79cf0,9560c277bd8128a1a6d53518f5870babe81d8c3c468526f77890ecc308d79cf0,TRUE,,4092,Governance timeline addendum
docs/BLACK_BOOK_PREWRITING_CHECKLIST_v1.md,BYTE_IDENTICAL_COPY,CSE498/LTLC_BLACKBOOK_FINAL/12_black_book/BLACK_BOOK_PREWRITING_CHECKLIST_v1.md,08c24baa5d2cd8dfc2c6dabf99f3f8e31309c7edc00c0b5beda0464392be6b4c,08c24baa5d2cd8dfc2c6dabf99f3f8e31309c7edc00c0b5beda0464392be6b4c,TRUE,,4656,Writing-time discipline checklist
docs/BLACK_BOOK_SOURCE_MAP_v1.md,BYTE_IDENTICAL_COPY,CSE498/LTLC_BLACKBOOK_FINAL/12_black_book/BLACK_BOOK_SOURCE_MAP_v1.md,14f7b0be2d1dbfa72cf7a0645d45398551dc2642f4541a93e3bbbba64d805738,14f7b0be2d1dbfa72cf7a0645d45398551dc2642f4541a93e3bbbba64d805738,TRUE,,9024,Chapter-to-evidence map
docs/ExperimentB_Novelty_Strengthened_Findings_v2.md,BYTE_IDENTICAL_COPY,CSE498/LTLC_BLACKBOOK_FINAL/07_posthoc/ExperimentB_Novelty_Strengthened_Findings_v2.md,14e03d8f9c68451ee70e18915849871ef0a956c0bad0ecfcf6f7c25d3e9516b3,14e03d8f9c68451ee70e18915849871ef0a956c0bad0ecfcf6f7c25d3e9516b3,TRUE,,4689,Frozen findings narrative (Notebook 06B)
docs/FINAL_BLACK_BOOK_READINESS_AUDIT_v1.md,BYTE_IDENTICAL_COPY,CSE498/LTLC_BLACKBOOK_FINAL/10_final_qa/FINAL_BLACK_BOOK_READINESS_AUDIT_v1.md,efaff5dcb01a13d72a3ce52df64c151ec7ab33551ae4e664dd112f6ada85ecda,efaff5dcb01a13d72a3ce52df64c151ec7ab33551ae4e664dd112f6ada85ecda,TRUE,,8502,Self-assessment scorecard and honest appraisal
docs/FINAL_CLAIM_BOUNDARIES_v1.md,BYTE_IDENTICAL_COPY,CSE498/LTLC_BLACKBOOK_FINAL/12_black_book/FINAL_CLAIM_BOUNDARIES_v1.md,9f9dfa01d9f40250a091870a025f0fc9fc62ae49cffa71a75b73c240689e70c2,9f9dfa01d9f40250a091870a025f0fc9fc62ae49cffa71a75b73c240689e70c2,TRUE,,7978,Binding list of supported and prohibited claims
docs/LTLC_THESIS_UNDERSTANDING_GUIDE_v1.md,BYTE_IDENTICAL_COPY,CSE498/LTLC_BLACKBOOK_FINAL/12_black_book/LTLC_THESIS_UNDERSTANDING_GUIDE_v1.md,ce56f501ea0550d97f34f9973cd0239690ed6495ba8c7a2124112cddc97c4403,ce56f501ea0550d97f34f9973cd0239690ed6495ba8c7a2124112cddc97c4403,TRUE,,108472,Full plain-language + technical explanation of the study (29 sections)
docs/THESIS_PROTOCOL_GOVERNANCE_PARAGRAPH_v1.md,BYTE_IDENTICAL_COPY,CSE498/LTLC_BLACKBOOK_FINAL/12_black_book/THESIS_PROTOCOL_GOVERNANCE_PARAGRAPH_v1.md,b52f533eef67e3b98f64bbeed30414bcd5b70434ab65dd3d2fa079b50d07c5f3,b52f533eef67e3b98f64bbeed30414bcd5b70434ab65dd3d2fa079b50d07c5f3,TRUE,,4486,Approved official-test governance disclosure text
experiments/CHECKPOINT_PROVENANCE_NOTE_v1.md,BYTE_IDENTICAL_COPY,CSE498/LTLC_BLACKBOOK_FINAL/06_experiment_b/CHECKPOINT_PROVENANCE_NOTE_v1.md,a034a25cbe94aaf264a65fd22431357c078f9d5e708c5689d8964ced894feaec,a034a25cbe94aaf264a65fd22431357c078f9d5e708c5689d8964ced894feaec,TRUE,,1966,"Experiment-B run ledger, closing audit, validation summaries"
experiments/LTLC_Notebook06A_ExperimentB_36of36_FINAL_CLOSING_AUDIT_v1.json,BYTE_IDENTICAL_COPY,CSE498/LTLC_BLACKBOOK_FINAL/06_experiment_b/LTLC_Notebook06A_ExperimentB_36of36_FINAL_CLOSING_AUDIT_v1.json,2a24fdbaba212890443413c39e2873b29862e4810dda91a2ed5879a7b6d59768,2a24fdbaba212890443413c39e2873b29862e4810dda91a2ed5879a7b6d59768,TRUE,,4637,"Experiment-B run ledger, closing audit, validation summaries"
experiments/LTLC_Notebook06A_ExperimentB_36of36_FINAL_CLOSING_AUDIT_v1__SHA256.txt,BYTE_IDENTICAL_COPY,CSE498/LTLC_BLACKBOOK_FINAL/06_experiment_b/LTLC_Notebook06A_ExperimentB_36of36_FINAL_CLOSING_AUDIT_v1__SHA256.txt,2ab5de3776e6476421014d1e968592539aafa571e09473f3705eb48f13acd2ae,2ab5de3776e6476421014d1e968592539aafa571e09473f3705eb48f13acd2ae,TRUE,,615,"Experiment-B run ledger, closing audit, validation summaries"
experiments/LTLC_Notebook06A_ExperimentB_36of36_FINAL_RUN_LEDGER_v1.csv,BYTE_IDENTICAL_COPY,CSE498/LTLC_BLACKBOOK_FINAL/06_experiment_b/LTLC_Notebook06A_ExperimentB_36of36_FINAL_RUN_LEDGER_v1.csv,6335262b572a389a33c26b877c7c7f785934bee1ab53844f8fa6b5f61848b07d,6335262b572a389a33c26b877c7c7f785934bee1ab53844f8fa6b5f61848b07d,TRUE,,12421,"Experiment-B run ledger, closing audit, validation summaries"
experiments/LTLC_Notebook06A_ExperimentB_ALL36_VALIDATION_RUNS_v1.csv,BYTE_IDENTICAL_COPY,CSE498/LTLC_BLACKBOOK_FINAL/06_experiment_b/LTLC_Notebook06A_ExperimentB_ALL36_VALIDATION_RUNS_v1.csv,6121a9fbfd7adc687f9710fecd7624b4fabdcc3947203e9f61534819255c3561,6121a9fbfd7adc687f9710fecd7624b4fabdcc3947203e9f61534819255c3561,TRUE,,19200,"Experiment-B run ledger, closing audit, validation summaries"
experiments/LTLC_Notebook06A_ExperimentB_RESULTS_CONSOLIDATION_v1.json,BYTE_IDENTICAL_COPY,CSE498/LTLC_BLACKBOOK_FINAL/06_experiment_b/LTLC_Notebook06A_ExperimentB_RESULTS_CONSOLIDATION_v1.json,7dde069254a94582a0e3a0c590d5144c8918fc3c68b65f32a03ba16df2477d56,7dde069254a94582a0e3a0c590d5144c8918fc3c68b65f32a03ba16df2477d56,TRUE,,4475,"Experiment-B run ledger, closing audit, validation summaries"
experiments/LTLC_Notebook06A_ExperimentB_RESULTS_CONSOLIDATION_v1__SHA256.txt,BYTE_IDENTICAL_COPY,CSE498/LTLC_BLACKBOOK_FINAL/06_experiment_b/LTLC_Notebook06A_ExperimentB_RESULTS_CONSOLIDATION_v1__SHA256.txt,26806755f81b2f3e10e0e2d4089ba4732ce1e4e779a43146dbe6e87a89a3229b,26806755f81b2f3e10e0e2d4089ba4732ce1e4e779a43146dbe6e87a89a3229b,TRUE,,467,"Experiment-B run ledger, closing audit, validation summaries"
experiments/LTLC_Notebook06A_ExperimentB_SELECTED30_VALIDATION_RUNS_v1.csv,BYTE_IDENTICAL_COPY,CSE498/LTLC_BLACKBOOK_FINAL/06_experiment_b/LTLC_Notebook06A_ExperimentB_SELECTED30_VALIDATION_RUNS_v1.csv,5b2dab813d4545d8960c2c9f7176f3323e04f285ee0d77e5d1c857cd7968e29e,5b2dab813d4545d8960c2c9f7176f3323e04f285ee0d77e5d1c857cd7968e29e,TRUE,,16019,"Experiment-B run ledger, closing audit, validation summaries"
experiments/LTLC_Notebook06A_ExperimentB_VALIDATION_MEAN_STD_v1.csv,BYTE_IDENTICAL_COPY,CSE498/LTLC_BLACKBOOK_FINAL/06_experiment_b/LTLC_Notebook06A_ExperimentB_VALIDATION_MEAN_STD_v1.csv,de07631b4f1fb4380d85b3fea5fe880a08e0d9ace06f9f2eddd13ded6e132d7b,de07631b4f1fb4380d85b3fea5fe880a08e0d9ace06f9f2eddd13ded6e132d7b,TRUE,,2647,"Experiment-B run ledger, closing audit, validation summaries"
experiments/LTLC_Notebook06A_ExperimentB_VALIDATION_SUMMARY_TABLE_v1.md,BYTE_IDENTICAL_COPY,CSE498/LTLC_BLACKBOOK_FINAL/06_experiment_b/LTLC_Notebook06A_ExperimentB_VALIDATION_SUMMARY_TABLE_v1.md,daf365de9ac9627851bcd363bd39f3c95e0569be49954910e522230c51b29974,daf365de9ac9627851bcd363bd39f3c95e0569be49954910e522230c51b29974,TRUE,,1821,"Experiment-B run ledger, closing audit, validation summaries"
experiments/baseline_selection.csv,BYTE_IDENTICAL_COPY,CSE498/LTLC_BLACKBOOK_FINAL/06_experiment_b/baseline_selection.csv,c134bf86fc46a2b7dd1718ab4fd5590ac14d7b24191035ceb29dc812f9df7044,c134bf86fc46a2b7dd1718ab4fd5590ac14d7b24191035ceb29dc812f9df7044,TRUE,,2028,"Experiment-B run ledger, closing audit, validation summaries"
experiments/official_test/BLACK_BOOK_REPRODUCIBILITY_NOTE_v1.md,BYTE_IDENTICAL_COPY,CSE498/LTLC_BLACKBOOK_FINAL/08_official_test/BLACK_BOOK_REPRODUCIBILITY_NOTE_v1.md,7fef178044eb1514d8b73dc25241282f481ee00da723f502fbb8653d9278cba0,7fef178044eb1514d8b73dc25241282f481ee00da723f502fbb8653d9278cba0,TRUE,,5407,"One-time official-test result, run log, verification"
experiments/official_test/OFFICIAL_TEST_RUN_LOG.md,BYTE_IDENTICAL_COPY,CSE498/LTLC_BLACKBOOK_FINAL/08_official_test/OFFICIAL_TEST_RUN_LOG.md,b708a6aad7252779857abe9bd28fe68fd463ced0792494a01798be7a4c4e0a30,b708a6aad7252779857abe9bd28fe68fd463ced0792494a01798be7a4c4e0a30,TRUE,,3985,"One-time official-test result, run log, verification"
experiments/official_test/OFFICIAL_TEST_TECHNICAL_VERIFICATION_v1.md,DERIVED_PUBLIC_SANITIZED_COPY,CSE498/LTLC_BLACKBOOK_FINAL/08_official_test/OFFICIAL_TEST_TECHNICAL_VERIFICATION_v1.md,f51219ba43b041d9f891c2b0b06a88429addbe6db69a7049e780311c6fdd8d8a,3eba9b57c96803d3f9e2bb3bce9892565e5b6283a6a8b064286c93cc710fb63f,N/A (derived),"Replaced two absolute local Windows paths with <LOCAL_PROJECT_ROOT>/... to avoid publishing a machine username. No scientific value, hash, timestamp, conclusion or finding changed.",19028,"One-time official-test result, run log, verification"
experiments/official_test/official_test_confirmation_results.json,BYTE_IDENTICAL_COPY,CSE498/LTLC_BLACKBOOK_FINAL/08_official_test/official_test_confirmation_results.json,a492833cacb53f4318ecde8a30fb3898936ef40a85570b5fdc3906697d16955a,a492833cacb53f4318ecde8a30fb3898936ef40a85570b5fdc3906697d16955a,TRUE,,5239,"One-time official-test result, run log, verification"
posthoc/LTLC_Notebook06B_ExperimentB_Calibration_Parameters_v1.csv,BYTE_IDENTICAL_COPY,CSE498/LTLC_BLACKBOOK_FINAL/07_posthoc/LTLC_Notebook06B_ExperimentB_Calibration_Parameters_v1.csv,9c8cc4ade923f67f7d6e646069f9679d213f34b65a84b9a4889bde990764dda1,9c8cc4ade923f67f7d6e646069f9679d213f34b65a84b9a4889bde990764dda1,TRUE,,4168,Frozen post-hoc recognition / calibration artifact
posthoc/LTLC_Notebook06B_ExperimentB_Final_Validation_MeanStd_v1.csv,BYTE_IDENTICAL_COPY,CSE498/LTLC_BLACKBOOK_FINAL/07_posthoc/LTLC_Notebook06B_ExperimentB_Final_Validation_MeanStd_v1.csv,4561cc3ec9d184855fbeed3270999a06b0f2c5be0238f8eb2162c94f07274b65,4561cc3ec9d184855fbeed3270999a06b0f2c5be0238f8eb2162c94f07274b65,TRUE,,7229,Frozen post-hoc recognition / calibration artifact
posthoc/LTLC_Notebook06B_ExperimentB_Final_Validation_Results_v1.csv,BYTE_IDENTICAL_COPY,CSE498/LTLC_BLACKBOOK_FINAL/07_posthoc/LTLC_Notebook06B_ExperimentB_Final_Validation_Results_v1.csv,dac4c7fe0daf0153df46e56af0f1f319407877252e8a6ccceb59592a71151bb3,dac4c7fe0daf0153df46e56af0f1f319407877252e8a6ccceb59592a71151bb3,TRUE,,11007,Frozen post-hoc recognition / calibration artifact
posthoc/LTLC_Notebook06B_ExperimentB_Posthoc_Recognition_Freeze_v1.json,BYTE_IDENTICAL_COPY,CSE498/LTLC_BLACKBOOK_FINAL/07_posthoc/LTLC_Notebook06B_ExperimentB_Posthoc_Recognition_Freeze_v1.json,0fe8f75a46bc60b5776d80f26f4e76b5ebd1ea6881de0649cdda11884f042366,0fe8f75a46bc60b5776d80f26f4e76b5ebd1ea6881de0649cdda11884f042366,TRUE,,4964,Frozen post-hoc recognition / calibration artifact
posthoc/LTLC_Notebook06B_ExperimentB_Posthoc_Recognition_Freeze_v1__SHA256.txt,BYTE_IDENTICAL_COPY,CSE498/LTLC_BLACKBOOK_FINAL/07_posthoc/LTLC_Notebook06B_ExperimentB_Posthoc_Recognition_Freeze_v1__SHA256.txt,6616e6eb02d7c6c7076220111615db5b8eaa105c3de21664a9c98d9b6b2c80c1,6616e6eb02d7c6c7076220111615db5b8eaa105c3de21664a9c98d9b6b2c80c1,TRUE,,388,Frozen post-hoc recognition / calibration artifact
posthoc/LTLC_Notebook06B_ExperimentB_Posthoc_Recognition_Grid_v1.csv,BYTE_IDENTICAL_COPY,CSE498/LTLC_BLACKBOOK_FINAL/07_posthoc/LTLC_Notebook06B_ExperimentB_Posthoc_Recognition_Grid_v1.csv,157f80647e4ff2097e0a9a5f09cebe93f595c4e1702f4d42c2c3a892b94db4b3,157f80647e4ff2097e0a9a5f09cebe93f595c4e1702f4d42c2c3a892b94db4b3,TRUE,,70183,Frozen post-hoc recognition / calibration artifact
posthoc/LTLC_Notebook06B_ExperimentB_Posthoc_Selected_Recognition_v1.csv,BYTE_IDENTICAL_COPY,CSE498/LTLC_BLACKBOOK_FINAL/07_posthoc/LTLC_Notebook06B_ExperimentB_Posthoc_Selected_Recognition_v1.csv,46fd58df46f6bf8a96897434bcde6dbd9098660da92e374fb7412fd1faf0719f,46fd58df46f6bf8a96897434bcde6dbd9098660da92e374fb7412fd1faf0719f,TRUE,,4980,Frozen post-hoc recognition / calibration artifact
posthoc/LTLC_Notebook06B_ExperimentB_Terminal_Scientific_Decision_v1__SHA256.txt,BYTE_IDENTICAL_COPY,CSE498/LTLC_BLACKBOOK_FINAL/07_posthoc/LTLC_Notebook06B_ExperimentB_Terminal_Scientific_Decision_v1__SHA256.txt,a10d48aaf9c8ad6039201fc6c8057110be138fa296410e8a37aa6d33095c970e,a10d48aaf9c8ad6039201fc6c8057110be138fa296410e8a37aa6d33095c970e,TRUE,,511,Frozen post-hoc recognition / calibration artifact
posthoc/README_DERIVATION_SOURCES.md,BYTE_IDENTICAL_COPY,CSE498/LTLC_BLACKBOOK_FINAL/07_posthoc/README_DERIVATION_SOURCES.md,1e2ce438dbb4e0eb75837953d4294930755f0c4d960fb6239bf6419f53320666,1e2ce438dbb4e0eb75837953d4294930755f0c4d960fb6239bf6419f53320666,TRUE,,1537,Frozen post-hoc recognition / calibration artifact
posthoc/Table_Calibration_Tradeoff_v2.csv,BYTE_IDENTICAL_COPY,CSE498/LTLC_BLACKBOOK_FINAL/07_posthoc/Table_Calibration_Tradeoff_v2.csv,a9194058705f7357cc9140ddf784632b06522f7880be688213dfeae500453301,a9194058705f7357cc9140ddf784632b06522f7880be688213dfeae500453301,TRUE,,1451,Frozen post-hoc recognition / calibration artifact
posthoc/Table_ClassLevel_Mechanism_Summary_v2.csv,BYTE_IDENTICAL_COPY,CSE498/LTLC_BLACKBOOK_FINAL/07_posthoc/Table_ClassLevel_Mechanism_Summary_v2.csv,c49529499699f40d5022fb435b32dca04abd534a73af1c4e00f30ba98583542d,c49529499699f40d5022fb435b32dca04abd534a73af1c4e00f30ba98583542d,TRUE,,1882,Frozen post-hoc recognition / calibration artifact
posthoc/Table_LTLC_Parameter_Stability_v2.csv,BYTE_IDENTICAL_COPY,CSE498/LTLC_BLACKBOOK_FINAL/07_posthoc/Table_LTLC_Parameter_Stability_v2.csv,8fc4199a6808704458ce5c605ea3f4c01c6837c202db7a198caf575e2a03e61d,8fc4199a6808704458ce5c605ea3f4c01c6837c202db7a198caf575e2a03e61d,TRUE,,869,Frozen post-hoc recognition / calibration artifact
posthoc/Table_Paired_Recognition_Deltas_MeanStd_v2.csv,BYTE_IDENTICAL_COPY,CSE498/LTLC_BLACKBOOK_FINAL/07_posthoc/Table_Paired_Recognition_Deltas_MeanStd_v2.csv,ad8b6ff3eb55f960cda07a70e9fb1b4d91843829544cf6ca67c4624a588e5f5d,ad8b6ff3eb55f960cda07a70e9fb1b4d91843829544cf6ca67c4624a588e5f5d,TRUE,,410,Frozen post-hoc recognition / calibration artifact
posthoc/Table_Paired_Recognition_Deltas_v2.csv,BYTE_IDENTICAL_COPY,CSE498/LTLC_BLACKBOOK_FINAL/07_posthoc/Table_Paired_Recognition_Deltas_v2.csv,46a38cee046a0d2c25ff2c16c0cee2a2dd4dad77d39425ebe25435b3f42d1080,46a38cee046a0d2c25ff2c16c0cee2a2dd4dad77d39425ebe25435b3f42d1080,TRUE,,489,Frozen post-hoc recognition / calibration artifact
posthoc/Table_PerClass_Rarity_Difficulty_and_AdaptiveGain_v2.csv,BYTE_IDENTICAL_COPY,CSE498/LTLC_BLACKBOOK_FINAL/07_posthoc/Table_PerClass_Rarity_Difficulty_and_AdaptiveGain_v2.csv,f019a0ae11c35b75e18c8011f90666185ccf7352a7250c27396ccdde5f268b74,f019a0ae11c35b75e18c8011f90666185ccf7352a7250c27396ccdde5f268b74,TRUE,,7931,Frozen post-hoc recognition / calibration artifact
posthoc/Table_R1_Beta_Profile_v2.csv,BYTE_IDENTICAL_COPY,CSE498/LTLC_BLACKBOOK_FINAL/07_posthoc/Table_R1_Beta_Profile_v2.csv,86fe44d1d885fd417f75f7fff5ff22d165b3ca1f8306869695d97ee46c20eb8d,86fe44d1d885fd417f75f7fff5ff22d165b3ca1f8306869695d97ee46c20eb8d,TRUE,,459,Frozen post-hoc recognition / calibration artifact
posthoc/Table_Rarity_Mechanism_Descriptive_Correlations_v2.csv,BYTE_IDENTICAL_COPY,CSE498/LTLC_BLACKBOOK_FINAL/07_posthoc/Table_Rarity_Mechanism_Descriptive_Correlations_v2.csv,192e07dab9c2039bb1805171ec24c53feeb5bd3d999d59d1462e19d1ec7bbd00,192e07dab9c2039bb1805171ec24c53feeb5bd3d999d59d1462e19d1ec7bbd00,TRUE,,381,Frozen post-hoc recognition / calibration artifact
preprocessing/canonical_patch_manifest.json,BYTE_IDENTICAL_COPY,CSE498/LTLC_BLACKBOOK_FINAL/03_preprocessing/canonical_patch_manifest.json,a2bed8afdc3bf2f421174b4bc293f216a204f8ee8317e95a3ad73a1d20c1ed5d,a2bed8afdc3bf2f421174b4bc293f216a204f8ee8317e95a3ad73a1d20c1ed5d,TRUE,,1975,"Frozen preprocessing audit: PCA, patch geometry, normalization, hashes"
preprocessing/notebook02_master_preprocessing_audit.json,BYTE_IDENTICAL_COPY,CSE498/LTLC_BLACKBOOK_FINAL/03_preprocessing/notebook02_master_preprocessing_audit.json,70ec30a3a98c0943082d82d539cee78b00bc6acc1a38b4031ceae72505f7f32a,70ec30a3a98c0943082d82d539cee78b00bc6acc1a38b4031ceae72505f7f32a,TRUE,,3027,"Frozen preprocessing audit: PCA, patch geometry, normalization, hashes"
preprocessing/notebook02_preprocessing_summary.csv,BYTE_IDENTICAL_COPY,CSE498/LTLC_BLACKBOOK_FINAL/03_preprocessing/notebook02_preprocessing_summary.csv,328026a0243ebdd2c4667c30bc7d53662781243158a892f3ac0927d90f0d7b8d,328026a0243ebdd2c4667c30bc7d53662781243158a892f3ac0927d90f0d7b8d,TRUE,,1004,"Frozen preprocessing audit: PCA, patch geometry, normalization, hashes"
preprocessing/pingan_patch_visual_check.png,BYTE_IDENTICAL_COPY,CSE498/LTLC_BLACKBOOK_FINAL/03_preprocessing/pingan_patch_visual_check.png,745a4f2a1f8c7fe6c834a0e5ef6a479a953c3d918c7f27ee31c041fff1feadac,745a4f2a1f8c7fe6c834a0e5ef6a479a953c3d918c7f27ee31c041fff1feadac,TRUE,,27922,"Frozen preprocessing audit: PCA, patch geometry, normalization, hashes"
preprocessing/pingan_preprocessing_metadata.json,BYTE_IDENTICAL_COPY,CSE498/LTLC_BLACKBOOK_FINAL/03_preprocessing/pingan_preprocessing_metadata.json,e78903b13ba005c4b7c417eb9b7c749caa925c584d8028f4f9845c564778af8a,e78903b13ba005c4b7c417eb9b7c749caa925c584d8028f4f9845c564778af8a,TRUE,,1056,"Frozen preprocessing audit: PCA, patch geometry, normalization, hashes"
preprocessing/qingyun_patch_visual_check.png,BYTE_IDENTICAL_COPY,CSE498/LTLC_BLACKBOOK_FINAL/03_preprocessing/qingyun_patch_visual_check.png,dd7d98993e4f28f3cc6cdecba8431435fe4e540cd783ca0e016596760c0d81d7,dd7d98993e4f28f3cc6cdecba8431435fe4e540cd783ca0e016596760c0d81d7,TRUE,,27464,"Frozen preprocessing audit: PCA, patch geometry, normalization, hashes"
preprocessing/qingyun_preprocessing_metadata.json,BYTE_IDENTICAL_COPY,CSE498/LTLC_BLACKBOOK_FINAL/03_preprocessing/qingyun_preprocessing_metadata.json,9126615b41ce755846155800796296f82da4b2d1d0accfed1fb9a28b0d33b550,9126615b41ce755846155800796296f82da4b2d1d0accfed1fb9a28b0d33b550,TRUE,,1059,"Frozen preprocessing audit: PCA, patch geometry, normalization, hashes"
preprocessing/tangdaowan_patch_visual_check.png,BYTE_IDENTICAL_COPY,CSE498/LTLC_BLACKBOOK_FINAL/03_preprocessing/tangdaowan_patch_visual_check.png,ef4243702fc9c3e4b9ef078abddc3e3744240625b92604e2d35f25a041a10523,ef4243702fc9c3e4b9ef078abddc3e3744240625b92604e2d35f25a041a10523,TRUE,,29450,"Frozen preprocessing audit: PCA, patch geometry, normalization, hashes"
preprocessing/tangdaowan_preprocessing_metadata.json,BYTE_IDENTICAL_COPY,CSE498/LTLC_BLACKBOOK_FINAL/03_preprocessing/tangdaowan_preprocessing_metadata.json,41cde85e1b567f5834645db505dd181617a48810ca7934cbc9a1def62c728c7f,41cde85e1b567f5834645db505dd181617a48810ca7934cbc9a1def62c728c7f,TRUE,,1072,"Frozen preprocessing audit: PCA, patch geometry, normalization, hashes"
protocol/BLACK_BOOK_GOVERNANCE_TIMELINE_ADDENDUM_v1.md,BYTE_IDENTICAL_COPY,CSE498/LTLC_BLACKBOOK_FINAL/01_protocol/BLACK_BOOK_GOVERNANCE_TIMELINE_ADDENDUM_v1.md,9560c277bd8128a1a6d53518f5870babe81d8c3c468526f77890ecc308d79cf0,9560c277bd8128a1a6d53518f5870babe81d8c3c468526f77890ecc308d79cf0,TRUE,,4092,Frozen protocol / governance artifact
protocol/FINAL_GOVERNANCE_AUDIT_v2.md,BYTE_IDENTICAL_COPY,CSE498/LTLC_BLACKBOOK_FINAL/01_protocol/FINAL_GOVERNANCE_AUDIT_v2.md,225f686d8a431fa320041affc13cbcb37b0048bec8584620756aceaa61aacae1,225f686d8a431fa320041affc13cbcb37b0048bec8584620756aceaa61aacae1,TRUE,,15126,Frozen protocol / governance artifact
protocol/LTLC_Notebook06A_ExperimentB_VALIDATION_SUMMARY_FREEZE_v1.json,BYTE_IDENTICAL_COPY,CSE498/LTLC_BLACKBOOK_FINAL/01_protocol/LTLC_Notebook06A_ExperimentB_VALIDATION_SUMMARY_FREEZE_v1.json,bc5f653b498e975fb34a5c980321da15b9cd3490b4e59eb02442ad6e2499649b,bc5f653b498e975fb34a5c980321da15b9cd3490b4e59eb02442ad6e2499649b,TRUE,,8431,Frozen protocol / governance artifact
protocol/LTLC_Notebook06A_ExperimentB_VALIDATION_SUMMARY_FREEZE_v1__SHA256.txt,BYTE_IDENTICAL_COPY,CSE498/LTLC_BLACKBOOK_FINAL/01_protocol/LTLC_Notebook06A_ExperimentB_VALIDATION_SUMMARY_FREEZE_v1__SHA256.txt,446b185846d41846ac0ba5df2a32f48bd5662bbd6aab3c84ce5f8a5cc0d1cc47,446b185846d41846ac0ba5df2a32f48bd5662bbd6aab3c84ce5f8a5cc0d1cc47,TRUE,,502,Frozen protocol / governance artifact
protocol/LTLC_Notebook06B_ExperimentB_FINAL_RELEASE_v2.json,BYTE_IDENTICAL_COPY,CSE498/LTLC_BLACKBOOK_FINAL/01_protocol/LTLC_Notebook06B_ExperimentB_FINAL_RELEASE_v2.json,cb08245f2125b0cbd178b348789a487740cf79d77e172b81cbcd80b00911409f,cb08245f2125b0cbd178b348789a487740cf79d77e172b81cbcd80b00911409f,TRUE,,6367,Frozen protocol / governance artifact
protocol/LTLC_Notebook06B_ExperimentB_Terminal_Scientific_Decision_v1.json,BYTE_IDENTICAL_COPY,CSE498/LTLC_BLACKBOOK_FINAL/01_protocol/LTLC_Notebook06B_ExperimentB_Terminal_Scientific_Decision_v1.json,72c473e8b2e5d8677be7b4788e8ac22ba569039f464350d0f6965c0bd8c3cccf,72c473e8b2e5d8677be7b4788e8ac22ba569039f464350d0f6965c0bd8c3cccf,TRUE,,7754,Frozen protocol / governance artifact
protocol/THESIS_PROTOCOL_GOVERNANCE_PARAGRAPH_v1.md,BYTE_IDENTICAL_COPY,CSE498/LTLC_BLACKBOOK_FINAL/01_protocol/THESIS_PROTOCOL_GOVERNANCE_PARAGRAPH_v1.md,b52f533eef67e3b98f64bbeed30414bcd5b70434ab65dd3d2fa079b50d07c5f3,b52f533eef67e3b98f64bbeed30414bcd5b70434ab65dd3d2fa079b50d07c5f3,TRUE,,4486,Frozen protocol / governance artifact
protocol/experiment_b_spatial_validation_protocol_v1_1_implementation_clarification.json,BYTE_IDENTICAL_COPY,CSE498/LTLC_BLACKBOOK_FINAL/01_protocol/experiment_b_spatial_validation_protocol_v1_1_implementation_clarification.json,398714d69072bb996faa6b280ea43534e0a02b17ad250b067257222fe75d4aab,398714d69072bb996faa6b280ea43534e0a02b17ad250b067257222fe75d4aab,TRUE,,3201,Frozen protocol / governance artifact
protocol/experiment_b_spatial_validation_protocol_v1_2_kmeans_execution_clarification.json,BYTE_IDENTICAL_COPY,CSE498/LTLC_BLACKBOOK_FINAL/01_protocol/experiment_b_spatial_validation_protocol_v1_2_kmeans_execution_clarification.json,916cb2173296ebd42b2baa65a0f13eb407565e74f60712a4fdd6c8a5ebbe6620,916cb2173296ebd42b2baa65a0f13eb407565e74f60712a4fdd6c8a5ebbe6620,TRUE,,1978,Frozen protocol / governance artifact
protocol/experiment_b_spatial_validation_protocol_v1_frozen.json,BYTE_IDENTICAL_COPY,CSE498/LTLC_BLACKBOOK_FINAL/01_protocol/experiment_b_spatial_validation_protocol_v1_frozen.json,34a126dab901265ba2e6c9dbc76df75bb2c5177276efa677db853443659fef75,34a126dab901265ba2e6c9dbc76df75bb2c5177276efa677db853443659fef75,TRUE,,6609,Frozen protocol / governance artifact
protocol/experiment_b_training_protocol_v1_frozen.json,BYTE_IDENTICAL_COPY,CSE498/LTLC_BLACKBOOK_FINAL/01_protocol/experiment_b_training_protocol_v1_frozen.json,41889867f18cc8a8655083c7906c608f154e4aae8bdc25da81a5e91c0125a9ec,41889867f18cc8a8655083c7906c608f154e4aae8bdc25da81a5e91c0125a9ec,TRUE,,10903,Frozen protocol / governance artifact
protocol/notebook05_terminal_validation_scientific_decision.json,BYTE_IDENTICAL_COPY,CSE498/LTLC_BLACKBOOK_FINAL/01_protocol/notebook05_terminal_validation_scientific_decision.json,1098dc47309a2201e532cac9921fcf5f8ff8401a858c256ab47e3d3eeff0ad01,1098dc47309a2201e532cac9921fcf5f8ff8401a858c256ab47e3d3eeff0ad01,TRUE,,4929,Frozen protocol / governance artifact
reproducibility/BLACK_BOOK_TERMINOLOGY_FINALIZATION_v1.md,BYTE_IDENTICAL_COPY,CSE498/LTLC_BLACKBOOK_FINAL/10_final_qa/BLACK_BOOK_TERMINOLOGY_FINALIZATION_v1.md,d11cf59a9edb06e8dfc7b7dd006415add45e99f846063b4d3a0dee1335e372b0,d11cf59a9edb06e8dfc7b7dd006415add45e99f846063b4d3a0dee1335e372b0,TRUE,,5848,Final QA audit document
reproducibility/FINAL_FIGURE_QA_v1.md,BYTE_IDENTICAL_COPY,CSE498/LTLC_BLACKBOOK_FINAL/10_final_qa/FINAL_FIGURE_QA_v1.md,fe96d90e8b7344e928af501df30454cf33389030f581175bf21a64f3b645b015,fe96d90e8b7344e928af501df30454cf33389030f581175bf21a64f3b645b015,TRUE,,9926,Final QA audit document
reproducibility/FINAL_GOVERNANCE_AUDIT_v2.md,BYTE_IDENTICAL_COPY,CSE498/LTLC_BLACKBOOK_FINAL/10_final_qa/FINAL_GOVERNANCE_AUDIT_v2.md,225f686d8a431fa320041affc13cbcb37b0048bec8584620756aceaa61aacae1,225f686d8a431fa320041affc13cbcb37b0048bec8584620756aceaa61aacae1,TRUE,,15126,Final QA audit document
reproducibility/FINAL_QA_ENVIRONMENT_v1.txt,BYTE_IDENTICAL_COPY,CSE498/LTLC_BLACKBOOK_FINAL/11_reproducibility/FINAL_QA_ENVIRONMENT_v1.txt,bf143923e98e63b3bd65d0ebd0f406f62e5e39c5f7d80e0fa396d7227499a2a5,bf143923e98e63b3bd65d0ebd0f406f62e5e39c5f7d80e0fa396d7227499a2a5,TRUE,,1057,Environment manifest / archive hash record / master path map
reproducibility/FINAL_TABLE_QA_v1.md,BYTE_IDENTICAL_COPY,CSE498/LTLC_BLACKBOOK_FINAL/10_final_qa/FINAL_TABLE_QA_v1.md,8eeeed0c713fa99f5861783604d6b11dfdb73c5aaedaa40b85eaa1a74f5e209e,8eeeed0c713fa99f5861783604d6b11dfdb73c5aaedaa40b85eaa1a74f5e209e,TRUE,,8200,Final QA audit document
reproducibility/GOVERNANCE_AUDIT_V1_TO_V2_CHANGELOG.md,BYTE_IDENTICAL_COPY,CSE498/LTLC_BLACKBOOK_FINAL/10_final_qa/GOVERNANCE_AUDIT_V1_TO_V2_CHANGELOG.md,aa0b8a5c2a8ba023d93444abdb23818e9cc028a27810124f2088cda65dd9e007,aa0b8a5c2a8ba023d93444abdb23818e9cc028a27810124f2088cda65dd9e007,TRUE,,3790,Final QA audit document
reproducibility/LTLC_Notebook06A_ExperimentB_29of36_Post_Pingan_LA_tau0p5_Seed42_FULL_DELTA_FROM_28of36_MIGRATION_v1__MANIFEST.json,BYTE_IDENTICAL_COPY,CSE498/LTLC_BLACKBOOK_FINAL/11_reproducibility/LTLC_Notebook06A_ExperimentB_29of36_Post_Pingan_LA_tau0p5_Seed42_FULL_DELTA_FROM_28of36_MIGRATION_v1__MANIFEST.json,e8acd0f835ec9a65a4525f1bdad2ead609ac006c091c16d879c44133dc32396e,e8acd0f835ec9a65a4525f1bdad2ead609ac006c091c16d879c44133dc32396e,TRUE,,4328,Environment manifest / archive hash record / master path map
reproducibility/LTLC_Notebook06A_ExperimentB_29of36_Post_Pingan_LA_tau0p5_Seed42_FULL_DELTA_FROM_28of36_MIGRATION_v1__SHA256.txt,BYTE_IDENTICAL_COPY,CSE498/LTLC_BLACKBOOK_FINAL/11_reproducibility/LTLC_Notebook06A_ExperimentB_29of36_Post_Pingan_LA_tau0p5_Seed42_FULL_DELTA_FROM_28of36_MIGRATION_v1__SHA256.txt,80e2eeeba01e55c1ca332ce6da4e7da335743841f4a585365033322ca2833d06,80e2eeeba01e55c1ca332ce6da4e7da335743841f4a585365033322ca2833d06,TRUE,,353,Environment manifest / archive hash record / master path map
reproducibility/LTLC_Notebook06A_ExperimentB_30of36_Post_Pingan_LA_Tuning_Seed42_FULL_DELTA_FROM_28of36_MIGRATION_v1__MANIFEST.json,BYTE_IDENTICAL_COPY,CSE498/LTLC_BLACKBOOK_FINAL/11_reproducibility/LTLC_Notebook06A_ExperimentB_30of36_Post_Pingan_LA_Tuning_Seed42_FULL_DELTA_FROM_28of36_MIGRATION_v1__MANIFEST.json,0debe3b433e7c4748ea0c2ec174826556d0837aa6ecfc1fea7d683fdf6d9ef41,0debe3b433e7c4748ea0c2ec174826556d0837aa6ecfc1fea7d683fdf6d9ef41,TRUE,,9461,Environment manifest / archive hash record / master path map
reproducibility/LTLC_Notebook06A_ExperimentB_30of36_Post_Pingan_LA_Tuning_Seed42_FULL_DELTA_FROM_28of36_MIGRATION_v1__SHA256.txt,BYTE_IDENTICAL_COPY,CSE498/LTLC_BLACKBOOK_FINAL/11_reproducibility/LTLC_Notebook06A_ExperimentB_30of36_Post_Pingan_LA_Tuning_Seed42_FULL_DELTA_FROM_28of36_MIGRATION_v1__SHA256.txt,40d847c7d6373c0de6e0c1c155254639228b600d1ee0221ada942270f59dcf9f,40d847c7d6373c0de6e0c1c155254639228b600d1ee0221ada942270f59dcf9f,TRUE,,353,Environment manifest / archive hash record / master path map
reproducibility/LTLC_Notebook06A_ExperimentB_31of36_Post_Pingan_LA_tau1p0_Seed123_FULL_DELTA_FROM_28of36_MIGRATION_v1__MANIFEST.json,BYTE_IDENTICAL_COPY,CSE498/LTLC_BLACKBOOK_FINAL/11_reproducibility/LTLC_Notebook06A_ExperimentB_31of36_Post_Pingan_LA_tau1p0_Seed123_FULL_DELTA_FROM_28of36_MIGRATION_v1__MANIFEST.json,a40d17da4e1527c3dfc3daade6b62de036120f9a87651ad198468c0fb9606700,a40d17da4e1527c3dfc3daade6b62de036120f9a87651ad198468c0fb9606700,TRUE,,8990,Environment manifest / archive hash record / master path map
reproducibility/LTLC_Notebook06A_ExperimentB_31of36_Post_Pingan_LA_tau1p0_Seed123_FULL_DELTA_FROM_28of36_MIGRATION_v1__SHA256.txt,BYTE_IDENTICAL_COPY,CSE498/LTLC_BLACKBOOK_FINAL/11_reproducibility/LTLC_Notebook06A_ExperimentB_31of36_Post_Pingan_LA_tau1p0_Seed123_FULL_DELTA_FROM_28of36_MIGRATION_v1__SHA256.txt,abe266022d4dd20ac261e733e28ccfffa4043d22d84850b7f5754a7d9cdde5ff,abe266022d4dd20ac261e733e28ccfffa4043d22d84850b7f5754a7d9cdde5ff,TRUE,,355,Environment manifest / archive hash record / master path map
reproducibility/LTLC_Notebook06A_ExperimentB_32of36_Post_Pingan_LA_tau1p0_Seed3407_FULL_DELTA_FROM_28of36_MIGRATION_v1__MANIFEST.json,BYTE_IDENTICAL_COPY,CSE498/LTLC_BLACKBOOK_FINAL/11_reproducibility/LTLC_Notebook06A_ExperimentB_32of36_Post_Pingan_LA_tau1p0_Seed3407_FULL_DELTA_FROM_28of36_MIGRATION_v1__MANIFEST.json,600af79a109ce7e93d7955721cb7cf06f9243a72266f9bfc596a9716c1bf4b8f,600af79a109ce7e93d7955721cb7cf06f9243a72266f9bfc596a9716c1bf4b8f,TRUE,,11019,Environment manifest / archive hash record / master path map
reproducibility/LTLC_Notebook06A_ExperimentB_32of36_Post_Pingan_LA_tau1p0_Seed3407_FULL_DELTA_FROM_28of36_MIGRATION_v1__SHA256.txt,BYTE_IDENTICAL_COPY,CSE498/LTLC_BLACKBOOK_FINAL/11_reproducibility/LTLC_Notebook06A_ExperimentB_32of36_Post_Pingan_LA_tau1p0_Seed3407_FULL_DELTA_FROM_28of36_MIGRATION_v1__SHA256.txt,9e20ca94e5a16f742c9600515d6c8bc71ee2bd9616795adb5bf30ec0ebd94714,9e20ca94e5a16f742c9600515d6c8bc71ee2bd9616795adb5bf30ec0ebd94714,TRUE,,357,Environment manifest / archive hash record / master path map
reproducibility/LTLC_Notebook06A_ExperimentB_33of36_Post_Qingyun_LA_tau0p5_Seed42_FULL_DELTA_FROM_28of36_MIGRATION_v1__MANIFEST.json,BYTE_IDENTICAL_COPY,CSE498/LTLC_BLACKBOOK_FINAL/11_reproducibility/LTLC_Notebook06A_ExperimentB_33of36_Post_Qingyun_LA_tau0p5_Seed42_FULL_DELTA_FROM_28of36_MIGRATION_v1__MANIFEST.json,815a34a1e724fe6cab8d139c57fde68e584f98ac666fb426ac7259a72f0090e1,815a34a1e724fe6cab8d139c57fde68e584f98ac666fb426ac7259a72f0090e1,TRUE,,12800,Environment manifest / archive hash record / master path map
reproducibility/LTLC_Notebook06A_ExperimentB_33of36_Post_Qingyun_LA_tau0p5_Seed42_FULL_DELTA_FROM_28of36_MIGRATION_v1__SHA256.txt,BYTE_IDENTICAL_COPY,CSE498/LTLC_BLACKBOOK_FINAL/11_reproducibility/LTLC_Notebook06A_ExperimentB_33of36_Post_Qingyun_LA_tau0p5_Seed42_FULL_DELTA_FROM_28of36_MIGRATION_v1__SHA256.txt,cdfdd397c3e73ba77bac050e61cf90d5dec70c1466211b6cb895efae09906125,cdfdd397c3e73ba77bac050e61cf90d5dec70c1466211b6cb895efae09906125,TRUE,,355,Environment manifest / archive hash record / master path map
reproducibility/LTLC_Notebook06A_ExperimentB_34of36_Post_Qingyun_LA_Tuning_Seed42_FULL_DELTA_FROM_28of36_MIGRATION_v1__MANIFEST.json,BYTE_IDENTICAL_COPY,CSE498/LTLC_BLACKBOOK_FINAL/11_reproducibility/LTLC_Notebook06A_ExperimentB_34of36_Post_Qingyun_LA_Tuning_Seed42_FULL_DELTA_FROM_28of36_MIGRATION_v1__MANIFEST.json,9ddbb0d66f030b25499f0518811b1a30a45f6e8f198ec7acfc843aebac95f061,9ddbb0d66f030b25499f0518811b1a30a45f6e8f198ec7acfc843aebac95f061,TRUE,,17861,Environment manifest / archive hash record / master path map
reproducibility/LTLC_Notebook06A_ExperimentB_34of36_Post_Qingyun_LA_Tuning_Seed42_FULL_DELTA_FROM_28of36_MIGRATION_v1__SHA256.txt,BYTE_IDENTICAL_COPY,CSE498/LTLC_BLACKBOOK_FINAL/11_reproducibility/LTLC_Notebook06A_ExperimentB_34of36_Post_Qingyun_LA_Tuning_Seed42_FULL_DELTA_FROM_28of36_MIGRATION_v1__SHA256.txt,572e47feb70215230fbf2ad7d9d7c9ec876fd21841c9510db613cd3d7081d443,572e47feb70215230fbf2ad7d9d7c9ec876fd21841c9510db613cd3d7081d443,TRUE,,355,Environment manifest / archive hash record / master path map
reproducibility/LTLC_Notebook06A_ExperimentB_35of36_Post_Qingyun_LA_tau0p5_Seed123_FULL_DELTA_FROM_28of36_MIGRATION_v1__MANIFEST.json,BYTE_IDENTICAL_COPY,CSE498/LTLC_BLACKBOOK_FINAL/11_reproducibility/LTLC_Notebook06A_ExperimentB_35of36_Post_Qingyun_LA_tau0p5_Seed123_FULL_DELTA_FROM_28of36_MIGRATION_v1__MANIFEST.json,b0ba5e9da9038f0c0c93e6657924e4e2402e1ac4e07b12f2b633a46455fb66bb,b0ba5e9da9038f0c0c93e6657924e4e2402e1ac4e07b12f2b633a46455fb66bb,TRUE,,17200,Environment manifest / archive hash record / master path map
reproducibility/LTLC_Notebook06A_ExperimentB_35of36_Post_Qingyun_LA_tau0p5_Seed123_FULL_DELTA_FROM_28of36_MIGRATION_v1__SHA256.txt,BYTE_IDENTICAL_COPY,CSE498/LTLC_BLACKBOOK_FINAL/11_reproducibility/LTLC_Notebook06A_ExperimentB_35of36_Post_Qingyun_LA_tau0p5_Seed123_FULL_DELTA_FROM_28of36_MIGRATION_v1__SHA256.txt,87a71229a80d1b8f37c0deb90a8c17d321a0ef420a7a8a9e62faac8a63007614,87a71229a80d1b8f37c0deb90a8c17d321a0ef420a7a8a9e62faac8a63007614,TRUE,,357,Environment manifest / archive hash record / master path map
reproducibility/LTLC_Notebook06A_ExperimentB_36of36_Post_Qingyun_LA_tau0p5_Seed3407_FULL_DELTA_FROM_28of36_MIGRATION_v1__MANIFEST.json,BYTE_IDENTICAL_COPY,CSE498/LTLC_BLACKBOOK_FINAL/11_reproducibility/LTLC_Notebook06A_ExperimentB_36of36_Post_Qingyun_LA_tau0p5_Seed3407_FULL_DELTA_FROM_28of36_MIGRATION_v1__MANIFEST.json,5f93f457f3b1510d72b366aa8a78aa65fbf59e866dadfcefd7388d80f81c79b9,5f93f457f3b1510d72b366aa8a78aa65fbf59e866dadfcefd7388d80f81c79b9,TRUE,,19275,Environment manifest / archive hash record / master path map
reproducibility/LTLC_Notebook06A_ExperimentB_36of36_Post_Qingyun_LA_tau0p5_Seed3407_FULL_DELTA_FROM_28of36_MIGRATION_v1__SHA256.txt,BYTE_IDENTICAL_COPY,CSE498/LTLC_BLACKBOOK_FINAL/11_reproducibility/LTLC_Notebook06A_ExperimentB_36of36_Post_Qingyun_LA_tau0p5_Seed3407_FULL_DELTA_FROM_28of36_MIGRATION_v1__SHA256.txt,5b86f83d08e2826e94c007c2967952d015ca9be3f03af71946781ae471e35c73,5b86f83d08e2826e94c007c2967952d015ca9be3f03af71946781ae471e35c73,TRUE,,359,Environment manifest / archive hash record / master path map
reproducibility/MASTER_ARCHIVE_PATH_MAP_v1.md,BYTE_IDENTICAL_COPY,CSE498/LTLC_BLACKBOOK_FINAL/11_reproducibility/MASTER_ARCHIVE_PATH_MAP_v1.md,9d3d85aa6980157679737ca8fa235f873789d323a1753ecb4e6ce57dbfdf36fd,9d3d85aa6980157679737ca8fa235f873789d323a1753ecb4e6ce57dbfdf36fd,TRUE,,6869,Environment manifest / archive hash record / master path map
reproducibility/PAIRED_DELTA_CORRECTION_NOTICE_v1.md,BYTE_IDENTICAL_COPY,CSE498/LTLC_BLACKBOOK_FINAL/10_final_qa/PAIRED_DELTA_CORRECTION_NOTICE_v1.md,52c33735f60ac6722d25c82f630e18999ef9ddec10e70289435284d3e9148fad,52c33735f60ac6722d25c82f630e18999ef9ddec10e70289435284d3e9148fad,TRUE,,4022,Final QA audit document
reproducibility/PAIRED_DELTA_VERIFICATION_AUDIT_v1.md,BYTE_IDENTICAL_COPY,CSE498/LTLC_BLACKBOOK_FINAL/10_final_qa/PAIRED_DELTA_VERIFICATION_AUDIT_v1.md,59c49f28759d79cf89445b98b50486dd04f151b6dada99dfd88e5dda4346fcc2,59c49f28759d79cf89445b98b50486dd04f151b6dada99dfd88e5dda4346fcc2,TRUE,,7621,Final QA audit document
reproducibility/STATISTICAL_ANALYSIS_VERIFICATION_v1.md,BYTE_IDENTICAL_COPY,CSE498/LTLC_BLACKBOOK_FINAL/10_final_qa/STATISTICAL_ANALYSIS_VERIFICATION_v1.md,55f30e4dffa35dc3e1911c012195c82ba28327ba20b877bbb553e01267a0ddc3,55f30e4dffa35dc3e1911c012195c82ba28327ba20b877bbb553e01267a0ddc3,TRUE,,8074,Final QA audit document
reproducibility/TRAINING_COUNT_SEMANTICS_AUDIT_v1.md,BYTE_IDENTICAL_COPY,CSE498/LTLC_BLACKBOOK_FINAL/10_final_qa/TRAINING_COUNT_SEMANTICS_AUDIT_v1.md,b61ce68f01b2a49438941dba27cb0bef44403ae0a2de020bfe96184f22f26b7a,b61ce68f01b2a49438941dba27cb0bef44403ae0a2de020bfe96184f22f26b7a,TRUE,,7428,Final QA audit document
reproducibility/environment.json,BYTE_IDENTICAL_COPY,CSE498/LTLC_BLACKBOOK_FINAL/11_reproducibility/environment.json,42275691fa91d2d0e59039c965a2ffde14b936a57f8279bf998c4a6411bfebab,42275691fa91d2d0e59039c965a2ffde14b936a57f8279bf998c4a6411bfebab,TRUE,,291,Environment manifest / archive hash record / master path map
reproducibility/migration_manifest_v1.json,BYTE_IDENTICAL_COPY,CSE498/LTLC_BLACKBOOK_FINAL/11_reproducibility/migration_manifest_v1.json,8af73b7e22b17ce98a19a7cb283cddc64dce3d2f8ad4b5c53e35f8952ef86306,8af73b7e22b17ce98a19a7cb283cddc64dce3d2f8ad4b5c53e35f8952ef86306,TRUE,,45735,Environment manifest / archive hash record / master path map
reproducibility/significance_test_results_v1.json,BYTE_IDENTICAL_COPY,CSE498/LTLC_BLACKBOOK_FINAL/11_reproducibility/significance_test_results_v1.json,aaf435153e7d4bd658874d544d7d7464bfdb734159fb1ba15bdbd991bf3401e9,aaf435153e7d4bd658874d544d7d7464bfdb734159fb1ba15bdbd991bf3401e9,TRUE,,7074,Environment manifest / archive hash record / master path map
requirements.txt,AUTHORED_GITHUB_DOCUMENT,,,602b88955e69faffe88fb82be5327da697af557eb90921629d1a4ddb55bf8702,N/A (authored),,1041,Pinned analysis + inference dependencies
results/figures/Fig_Calibration_Tradeoff_Redesigned.png,BYTE_IDENTICAL_COPY,CSE498/LTLC_BLACKBOOK_FINAL/09_results/figures/Fig_Calibration_Tradeoff_Redesigned.png,2d57b59ec908bbb063e4c71336ebaa521622eb14ca83d615623dd858363ed790,2d57b59ec908bbb063e4c71336ebaa521622eb14ca83d615623dd858363ed790,TRUE,,153913,Approved thesis figure
results/figures/Fig_ClassFrequency_LongTail_Distribution.png,BYTE_IDENTICAL_COPY,CSE498/LTLC_BLACKBOOK_FINAL/09_results/figures/Fig_ClassFrequency_LongTail_Distribution.png,4888d477263e0ce528d6e0e035f2c0ff70a4daccec2d4eaadaf0bd1f44ad7608,4888d477263e0ce528d6e0e035f2c0ff70a4daccec2d4eaadaf0bd1f44ad7608,TRUE,,120568,Approved thesis figure
results/figures/Fig_ExperimentA_vs_B_Leakage_Comparison.png,BYTE_IDENTICAL_COPY,CSE498/LTLC_BLACKBOOK_FINAL/09_results/figures/Fig_ExperimentA_vs_B_Leakage_Comparison.png,381924fa163ad6e0b5cb13d5f06133472a9b8c51e234a1c0c9c9a89fdafb7b72,381924fa163ad6e0b5cb13d5f06133472a9b8c51e234a1c0c9c9a89fdafb7b72,TRUE,,116225,Approved thesis figure
results/figures/Fig_N1_Rarity_vs_CE_Difficulty_v2.png,BYTE_IDENTICAL_COPY,CSE498/LTLC_BLACKBOOK_FINAL/09_results/figures/Fig_N1_Rarity_vs_CE_Difficulty_v2.png,407c6d54cd13d11adf38ada32378239afb83fad144accbfa4329fbfa21b2e642,407c6d54cd13d11adf38ada32378239afb83fad144accbfa4329fbfa21b2e642,TRUE,,150307,Approved thesis figure
results/figures/Fig_N2_Rarity_vs_Adaptive_LTLC_Gain_v2.png,BYTE_IDENTICAL_COPY,CSE498/LTLC_BLACKBOOK_FINAL/09_results/figures/Fig_N2_Rarity_vs_Adaptive_LTLC_Gain_v2.png,7be946195a9411eb186d27466ad3c88aece39bbb8a534b27d208aa30713f8c06,7be946195a9411eb186d27466ad3c88aece39bbb8a534b27d208aa30713f8c06,TRUE,,161180,Approved thesis figure
results/figures/Fig_N3_LTLC_Seed42_Parameter_Landscape_v2.png,BYTE_IDENTICAL_COPY,CSE498/LTLC_BLACKBOOK_FINAL/09_results/figures/Fig_N3_LTLC_Seed42_Parameter_Landscape_v2.png,006c2207399309d978eea3efb6aba0aae6fce82dde9a3c333d2d72d043db1bd7,006c2207399309d978eea3efb6aba0aae6fce82dde9a3c333d2d72d043db1bd7,TRUE,,148512,Approved thesis figure
results/figures/Fig_N4_R1_Beta_Profile_v2.png,BYTE_IDENTICAL_COPY,CSE498/LTLC_BLACKBOOK_FINAL/09_results/figures/Fig_N4_R1_Beta_Profile_v2.png,3110ade1fa15a336fb9ad7c7ac0fc4131223a855bc8d2b51ae1b9edbd08025a4,3110ade1fa15a336fb9ad7c7ac0fc4131223a855bc8d2b51ae1b9edbd08025a4,TRUE,,177523,Approved thesis figure
results/figures/Fig_PerSeed_Delta_vs_CE.png,BYTE_IDENTICAL_COPY,CSE498/LTLC_BLACKBOOK_FINAL/09_results/figures/Fig_PerSeed_Delta_vs_CE.png,43063a11786e3abc0e37b0126482ab390c06005f15d5ab27e064d13af5e150fa,43063a11786e3abc0e37b0126482ab390c06005f15d5ab27e064d13af5e150fa,TRUE,,134777,Approved thesis figure
results/figures/Fig_Spatial_TrainVal_Split_Map.png,BYTE_IDENTICAL_COPY,CSE498/LTLC_BLACKBOOK_FINAL/09_results/figures/Fig_Spatial_TrainVal_Split_Map.png,c0bceef4d4e477c9764a7cf0b059b0f5e3c9f9d6ea747a4be021847efa81a887,c0bceef4d4e477c9764a7cf0b059b0f5e3c9f9d6ea747a4be021847efa81a887,TRUE,,195745,Approved thesis figure
results/tables/Table_Paired_Recognition_Deltas_MeanStd_v3.csv,BYTE_IDENTICAL_COPY,CSE498/LTLC_BLACKBOOK_FINAL/09_results/tables/Table_Paired_Recognition_Deltas_MeanStd_v3.csv,3b14fd222c99475a1a48eb9b331cfa77538c6567d6596545777861a5f502670f,3b14fd222c99475a1a48eb9b331cfa77538c6567d6596545777861a5f502670f,TRUE,,747,Active terminology-finalized thesis table
results/tables/Table_Paired_Recognition_Deltas_v3.csv,BYTE_IDENTICAL_COPY,CSE498/LTLC_BLACKBOOK_FINAL/09_results/tables/Table_Paired_Recognition_Deltas_v3.csv,66f7fe2ff86fe6be4f39f9aac82efe4581db3f479a7fc89d0a58f0c8191997a7,66f7fe2ff86fe6be4f39f9aac82efe4581db3f479a7fc89d0a58f0c8191997a7,TRUE,,1377,Active terminology-finalized thesis table
results/tables/Thesis_Table_01_ExperimentB_Master_Results_v2.csv,BYTE_IDENTICAL_COPY,CSE498/LTLC_BLACKBOOK_FINAL/09_results/tables/Thesis_Table_01_ExperimentB_Master_Results_v2.csv,15d0c82d3d02622939af9907c9677b36013fee434c41ceaae95021f9a63368de,15d0c82d3d02622939af9907c9677b36013fee434c41ceaae95021f9a63368de,TRUE,,1628,Active terminology-finalized thesis table
results/tables/Thesis_Table_02_PerSeed_Deltas_vs_CE_v1.csv,BYTE_IDENTICAL_COPY,CSE498/LTLC_BLACKBOOK_FINAL/09_results/tables/Thesis_Table_02_PerSeed_Deltas_vs_CE_v1.csv,54a6bb1e0a491000c41473d45c4914b222178ccda65ab6a6665713cc9f3f57e4,54a6bb1e0a491000c41473d45c4914b222178ccda65ab6a6665713cc9f3f57e4,TRUE,,1718,Active terminology-finalized thesis table
results/tables/Thesis_Table_03_Calibration_Tradeoff_v2.csv,BYTE_IDENTICAL_COPY,CSE498/LTLC_BLACKBOOK_FINAL/09_results/tables/Thesis_Table_03_Calibration_Tradeoff_v2.csv,a08bb638b33e64f6a6f16b672a9e68de63e6efd18a7be8b325958887f8d735ca,a08bb638b33e64f6a6f16b672a9e68de63e6efd18a7be8b325958887f8d735ca,TRUE,,838,Active terminology-finalized thesis table
results/tables/Thesis_Table_04_PerClass_Frequency_and_Mechanism_v2.csv,BYTE_IDENTICAL_COPY,CSE498/LTLC_BLACKBOOK_FINAL/09_results/tables/Thesis_Table_04_PerClass_Frequency_and_Mechanism_v2.csv,a7140adbfdb25f73ee010e94291812982e46675cf60d2139f95cf84eb08ef6c9,a7140adbfdb25f73ee010e94291812982e46675cf60d2139f95cf84eb08ef6c9,TRUE,,976,Active terminology-finalized thesis table
results/tables/Thesis_Table_05_LTLC_Parameter_Stability_v2.csv,BYTE_IDENTICAL_COPY,CSE498/LTLC_BLACKBOOK_FINAL/09_results/tables/Thesis_Table_05_LTLC_Parameter_Stability_v2.csv,fa26c3f71e48c0b4c46fc6f8436c943e67381381f0ec93614bb1bb7f77e13741,fa26c3f71e48c0b4c46fc6f8436c943e67381381f0ec93614bb1bb7f77e13741,TRUE,,934,Active terminology-finalized thesis table
results/tables/Thesis_Table_06_Rarity_Mechanism_Correlations_v2.csv,BYTE_IDENTICAL_COPY,CSE498/LTLC_BLACKBOOK_FINAL/09_results/tables/Thesis_Table_06_Rarity_Mechanism_Correlations_v2.csv,71a6023d830728fed9335ce8c15536ec2f34e4c7a98898757fc8c3cbceca50fd,71a6023d830728fed9335ce8c15536ec2f34e4c7a98898757fc8c3cbceca50fd,TRUE,,321,Active terminology-finalized thesis table
results/tables/Thesis_Table_07_Dataset_Overview_v2.csv,BYTE_IDENTICAL_COPY,CSE498/LTLC_BLACKBOOK_FINAL/09_results/tables/Thesis_Table_07_Dataset_Overview_v2.csv,4d0a5ad4d6bc26b2f148aa58fd1bd08ae15e9aedb2823830c084e4fd6cb948c5,4d0a5ad4d6bc26b2f148aa58fd1bd08ae15e9aedb2823830c084e4fd6cb948c5,TRUE,,367,Active terminology-finalized thesis table
results/tables/Thesis_Table_08_TrainingCount_Reconciliation_v1.csv,BYTE_IDENTICAL_COPY,CSE498/LTLC_BLACKBOOK_FINAL/09_results/tables/Thesis_Table_08_TrainingCount_Reconciliation_v1.csv,4950fff06b42c1a32cd97c05ac337804e7b2e78986bd805e2c243b4163025316,4950fff06b42c1a32cd97c05ac337804e7b2e78986bd805e2c243b4163025316,TRUE,,710,Active terminology-finalized thesis table
results/tables/Thesis_Table_09_OfficialTest_Confirmation_v1.csv,BYTE_IDENTICAL_COPY,CSE498/LTLC_BLACKBOOK_FINAL/09_results/tables/Thesis_Table_09_OfficialTest_Confirmation_v1.csv,699f83ee5a7967466bd51cf417c4106df036b3e86b5d3c2e471713ca4bf336b3,699f83ee5a7967466bd51cf417c4106df036b3e86b5d3c2e471713ca4bf336b3,TRUE,,962,Active terminology-finalized thesis table
splits/README.md,AUTHORED_GITHUB_DOCUMENT,,,647814b78630c67a8ff66fece5871d798f1aa4c0b71c3f3822ec9ea9b26447e4,N/A (authored),,2770,Explains why split label arrays are not redistributed
splits/experiment_b_spatial_split_manifest_v1_frozen.json,BYTE_IDENTICAL_COPY,CSE498/LTLC_BLACKBOOK_FINAL/04_splits/experiment_b_spatial_split_manifest_v1_frozen.json,cb33d0c86720b01e735b320370fb80d5265e5e37c3d3fb41503a44c98ebb7205,cb33d0c86720b01e735b320370fb80d5265e5e37c3d3fb41503a44c98ebb7205,TRUE,,4032,Split construction record / frozen split manifest (metadata only)
splits/experiment_b_split_artifact_linkage_correction_v1.json,BYTE_IDENTICAL_COPY,CSE498/LTLC_BLACKBOOK_FINAL/04_splits/experiment_b_split_artifact_linkage_correction_v1.json,233fddd1372d0207c1b47eed3442a8e08ad89fb63155f22eed22c37f7a42f61b,233fddd1372d0207c1b47eed3442a8e08ad89fb63155f22eed22c37f7a42f61b,TRUE,,3014,Split construction record / frozen split manifest (metadata only)
splits/experiment_b_split_construction_attempt_v1.json,BYTE_IDENTICAL_COPY,CSE498/LTLC_BLACKBOOK_FINAL/04_splits/experiment_b_split_construction_attempt_v1.json,c43489e3f2418834a1daeb3f7b98933cd5735a9d96adf057f0632e97a5f61eae,c43489e3f2418834a1daeb3f7b98933cd5735a9d96adf057f0632e97a5f61eae,TRUE,,39711,Split construction record / frozen split manifest (metadata only)
src/01_QUH_Data_Preflight_Integrity_Audit.ipynb,BYTE_IDENTICAL_COPY,CSE498/LTLC_BLACKBOOK_FINAL/05_code/01_QUH_Data_Preflight_Integrity_Audit.ipynb,b99469250d9b656df30a51418b9d85811a839c599a6be006a915b24eda44f6ea,b99469250d9b656df30a51418b9d85811a839c599a6be006a915b24eda44f6ea,TRUE,,518938,Analysis / experiment source
src/02_QUH_Benchmark_Preprocessing_and_Patch_Cache.ipynb,BYTE_IDENTICAL_COPY,CSE498/LTLC_BLACKBOOK_FINAL/05_code/02_QUH_Benchmark_Preprocessing_and_Patch_Cache.ipynb,c99291301c0588831a44a828e7a602e23c9343c87ae035efbc740dce2683daba,c99291301c0588831a44a828e7a602e23c9343c87ae035efbc740dce2683daba,TRUE,,254720,Analysis / experiment source
src/03_HybridSN_Baseline_Training_and_Benchmark_Reproduction.ipynb,BYTE_IDENTICAL_COPY,CSE498/LTLC_BLACKBOOK_FINAL/05_code/03_HybridSN_Baseline_Training_and_Benchmark_Reproduction.ipynb,87d52bbb4b13e3d389e74e305ac57d248f5b04557f2eaa7b7b88ed9186cb921e,87d52bbb4b13e3d389e74e305ac57d248f5b04557f2eaa7b7b88ed9186cb921e,TRUE,,617912,Analysis / experiment source
src/04_LongTail_Training_Baselines.ipynb,BYTE_IDENTICAL_COPY,CSE498/LTLC_BLACKBOOK_FINAL/05_code/04_LongTail_Training_Baselines.ipynb,378b28a7cc65fc6481967c956a9406e33ea9baedd3202dee94a7263eee61e509,378b28a7cc65fc6481967c956a9406e33ea9baedd3202dee94a7263eee61e509,TRUE,,683582,Analysis / experiment source
src/05_Posthoc_Calibration_LTLC.ipynb,BYTE_IDENTICAL_COPY,CSE498/LTLC_BLACKBOOK_FINAL/05_code/05_Posthoc_Calibration_LTLC.ipynb,57b74ed2de30697f4b7f2ec3df69754a49743f0f06de481939ef58c4d7e667e0,57b74ed2de30697f4b7f2ec3df69754a49743f0f06de481939ef58c4d7e667e0,TRUE,,1791922,Analysis / experiment source
src/06A_Spatially_Disjoint_Validation_Robustness_Study.ipynb,BYTE_IDENTICAL_COPY,CSE498/LTLC_BLACKBOOK_FINAL/05_code/06A_Spatially_Disjoint_Validation_Robustness_Study.ipynb,b76f0a1655115fac8489dd56681fbc49ad9a5f0715e2cf568ad6384a720d9396,b76f0a1655115fac8489dd56681fbc49ad9a5f0715e2cf568ad6384a720d9396,TRUE,,1250072,Analysis / experiment source
src/06B_ExperimentB_Posthoc_LTLC_and_Calibration_Evaluation.ipynb,BYTE_IDENTICAL_COPY,CSE498/LTLC_BLACKBOOK_FINAL/05_code/06B_ExperimentB_Posthoc_LTLC_and_Calibration_Evaluation.ipynb,3b66925e42f2aed63cd55590e1b0fb48e8f09dfd73d79e4de4a7894de2e6b081,3b66925e42f2aed63cd55590e1b0fb48e8f09dfd73d79e4de4a7894de2e6b081,TRUE,,1523067,Analysis / experiment source
src/README.md,AUTHORED_GITHUB_DOCUMENT,,,e4eb3a7fd9638581d2eb1d135c3588b3571a129a36c9db23fdfcaa638cb903ba,N/A (authored),,3273,Notebook/script roles and porting notes
src/SEALED_TEST_v2.py,BYTE_IDENTICAL_COPY,CSE498/LTLC_BLACKBOOK_FINAL/05_code/SEALED_TEST_v2.py,ddff710fd59e54175b501011eb93ea34113df3c7a8b5760967fbf39ba8517adb,ddff710fd59e54175b501011eb93ea34113df3c7a8b5760967fbf39ba8517adb,TRUE,,25330,Analysis / experiment source
src/VALIDATION_REPRO_CHECK.py,BYTE_IDENTICAL_COPY,CSE498/LTLC_BLACKBOOK_FINAL/05_code/VALIDATION_REPRO_CHECK.py,30f9cacac068ccc1122670d73e74cbd2d2336773e68d58ef5edb96e5312e6a80,30f9cacac068ccc1122670d73e74cbd2d2336773e68d58ef5edb96e5312e6a80,TRUE,,4093,Analysis / experiment source
src/build_clean_tables.py,DERIVED_PORTABLE_PUBLIC_COPY,CSE498/LTLC_BLACKBOOK_FINAL/05_code/build_clean_tables.py,61bef4ec10987db1649419e9780113111a5c44c461295c74bcdb7a296354c7c1,b63e98faff6398b1bbdf834ad8bd4365a9e01599581157eb665226fce5261a1c,N/A (derived),"Replaced hardcoded sandbox output path with pathlib repository-relative resolution and removed a private Google Drive folder identifier from the docstring. No table content, formula or numerical value changed.",10115,Analysis / experiment source
src/make_figures_finalqa_v1.py,DERIVED_PORTABLE_PUBLIC_COPY,CSE498/LTLC_BLACKBOOK_FINAL/05_code/make_figures_finalqa_v1.py,2095c14edea18815c4b1358c374177cbb37e113f3d42e3ba67815101bd1c2e74,59315ca51bf6e50e3936a8fa2a36e9d78a7b29ab01f8a46d909928b847c28deb,N/A (derived),"Replaced master-archive-relative paths with pathlib repository-relative resolution matching the public layout. No plotted value, palette, axis or scientific content changed.",13848,Analysis / experiment source
src/stats_analysis.py,DERIVED_PORTABLE_PUBLIC_COPY,CSE498/LTLC_BLACKBOOK_FINAL/05_code/stats_analysis.py,70b0af381a6fe9e5eebdcd39fe8ba43458a3d9b7dd5be0de954146dc25343277,7f167a1af6028f13b8019ae4e6462a3e0ef778fab11f5382d52ef104a8825660,N/A (derived),"Replaced hardcoded sandbox paths (sandbox-absolute) with pathlib repository-relative resolution; added explicit utf-8 encoding on the ledger read. No formula, parameter, selection logic or numerical computation changed.",5249,Analysis / experiment source
