dataset,seed,method,tau,alpha,beta,AA,Macro_F1,OA,Kappa,NLL
Pingan,42,Original_LTLC,0.0,0.0,,0.7568442431073149,0.7227617159459365,0.8968900569426194,0.8450978631229918,4.200384947317972
Pingan,42,Original_LTLC,0.0,0.25,,0.7568442431073149,0.7227617159459365,0.8968900569426194,0.8450978631229918,4.200384947317972
Pingan,42,Original_LTLC,0.0,0.5,,0.7568442431073149,0.7227617159459365,0.8968900569426194,0.8450978631229918,4.200384947317972
Pingan,42,Original_LTLC,0.0,0.75,,0.7568442431073149,0.7227617159459365,0.8968900569426194,0.8450978631229918,4.200384947317972
Pingan,42,Original_LTLC,0.0,1.0,,0.7568442431073149,0.7227617159459365,0.8968900569426194,0.8450978631229918,4.200384947317972
Pingan,42,Original_LTLC,0.0,1.5,,0.7568442431073149,0.7227617159459365,0.8968900569426194,0.8450978631229918,4.200384947317972
Pingan,42,Original_LTLC,0.0,2.0,,0.7568442431073149,0.7227617159459365,0.8968900569426194,0.8450978631229918,4.200384947317972
Pingan,42,Original_LTLC,0.25,0.0,,0.7665243488919359,0.7156955348262839,0.8963936341071689,0.8445755550814554,4.202172010951904
Pingan,42,Original_LTLC,0.25,0.25,,0.767346544378831,0.7125824980639387,0.8959848153015039,0.8440208602544106,4.204739414316351
Pingan,42,Original_LTLC,0.25,0.5,,0.769337653563199,0.7090259731315994,0.8954299897795298,0.8432459349293236,4.207795167502365
Pingan,42,Original_LTLC,0.25,0.75,,0.7696342840462618,0.7047532488320671,0.8946999561979851,0.8421993536982326,4.211356397295881
Pingan,42,Original_LTLC,0.25,1.0,,0.7708185906534404,0.6998263871407614,0.8938531172433932,0.8410051244304715,4.2154393702107775
Pingan,42,Original_LTLC,0.25,1.5,,0.76949430753978,0.6901999340103624,0.8921594393342094,0.8385861049972784,4.22523030316537
Pingan,42,Original_LTLC,0.25,2.0,,0.768724330726507,0.6823018269667362,0.890670170827858,0.8364637010285279,4.237273862538059
Pingan,42,Original_LTLC,0.5,0.0,,0.7715545263953009,0.7040995354528006,0.8946707548547234,0.8422382910781897,4.209437513772816
Pingan,42,Original_LTLC,0.5,0.25,,0.7706664669254991,0.694297157697568,0.8928018688859688,0.8395464867101882,4.218394316894132
Pingan,42,Original_LTLC,0.5,0.5,,0.7696547366482639,0.6855826577315127,0.8912249963498321,0.8372912271830756,4.229521332968096
Pingan,42,Original_LTLC,0.5,0.75,,0.7700495723537529,0.6781873591066646,0.8898233318732661,0.8353050882125069,4.242911248816067
Pingan,42,Original_LTLC,0.5,1.0,,0.7680231148248543,0.6686086206678231,0.8878376405314644,0.8324518709549963,4.258627707962079
Pingan,42,Original_LTLC,0.5,1.5,,0.7642248849635976,0.6532889621825315,0.8843042779967879,0.8273886621504161,4.297146521837211
Pingan,42,Original_LTLC,0.5,2.0,,0.7610771785544213,0.6388735562191309,0.8806833114323259,0.8221991423249251,4.345045669262061
Pingan,42,Original_LTLC,0.75,0.0,,0.7713712759761304,0.6899617128761711,0.892071835304424,0.8385543585333376,4.2223963896406875
Pingan,42,Original_LTLC,0.75,0.25,,0.7706335223946028,0.6773319034409052,0.8895897211271718,0.8350098036638204,4.2419146805474455
Pingan,42,Original_LTLC,0.75,0.5,,0.7670673295567376,0.6636970040421456,0.886640385457731,0.830779506542586,4.266588677959251
Pingan,42,Original_LTLC,0.75,0.75,,0.7644031822479628,0.6524409277530065,0.8839830632209081,0.8269613211985599,4.296509021996925
Pingan,42,Original_LTLC,0.75,1.0,,0.7617315211940286,0.6414271842310184,0.8812381369542999,0.823015356815177,4.331643863633174
Pingan,42,Original_LTLC,0.75,1.5,,0.756275693291502,0.621044832706016,0.8756898817345597,0.8150115513215151,4.416982906213745
Pingan,42,Original_LTLC,0.75,2.0,,0.75126893112271,0.6079774086217543,0.8716600963644328,0.8092115085871023,4.521177732880052
Pingan,42,Original_LTLC,1.0,0.0,,0.7704291693343126,0.6757677137808071,0.889297707694554,0.8346289009125376,4.241171717230738
Pingan,42,Original_LTLC,1.0,0.25,,0.7664949091813085,0.659222600386147,0.885530734413783,0.8292040657469305,4.275501401126961
Pingan,42,Original_LTLC,1.0,0.5,,0.7626462544261909,0.6433346100636508,0.8814425463571324,0.8233227401976655,4.319021274730332
Pingan,42,Original_LTLC,1.0,0.75,,0.7592247752516368,0.6298406792947329,0.8779967878522412,0.8183727157134072,4.371547113814526
Pingan,42,Original_LTLC,1.0,1.0,,0.7549189849003259,0.617913070190417,0.8746386333771353,0.8135223047267356,4.43267576449655
Pingan,42,Original_LTLC,1.0,1.5,,0.7488301671293647,0.6013429213513277,0.8693823915900132,0.8059519901822463,4.579141224059272
Pingan,42,Original_LTLC,1.0,2.0,,0.7363652928135858,0.5835499345337222,0.8632501095050372,0.7970479102152936,4.756022390537863
Pingan,42,Original_LTLC,1.25,0.0,,0.7670605439536894,0.6620659853679335,0.8860271572492334,0.8299323688365147,4.26577172892521
Pingan,42,Original_LTLC,1.25,0.25,,0.7626689933576413,0.6428073413572436,0.8811213315812527,0.8228744184608041,4.318922952494941
Pingan,42,Original_LTLC,1.25,0.5,,0.7577031508271169,0.6250204722420215,0.8762739085997956,0.8158954595769706,4.385939548578432
Pingan,42,Original_LTLC,1.25,0.75,,0.7541535995394474,0.6136573817985773,0.8731785662140459,0.8114519169444661,4.466069742809546
Pingan,42,Original_LTLC,1.25,1.0,,0.7497890776183308,0.6026335741190539,0.8697620090524164,0.8065121514947726,4.558594420069448
Pingan,42,Original_LTLC,1.25,1.5,,0.7346879065891704,0.5801077350075874,0.862169659804351,0.7955078431086504,4.778941223520988
Pingan,42,Original_LTLC,1.25,2.0,,0.7141795447374278,0.5594997113648016,0.854518907869762,0.7844246537202829,5.043337871325113
Pingan,42,Original_LTLC,1.5,0.0,,0.7645711585650932,0.6494617716755797,0.8825521974010805,0.824963151570879,4.296058316378265
Pingan,42,Original_LTLC,1.5,0.25,,0.7586544201128024,0.6276868138967701,0.8768871368082932,0.8168160700217559,4.371602408760692
Pingan,42,Original_LTLC,1.5,0.5,,0.7543236115657141,0.6127027627024515,0.8727989487516425,0.810920615481433,4.466021272918095
Pingan,42,Original_LTLC,1.5,0.75,,0.7487716348650026,0.6000606615246948,0.8689443714410863,0.805344528669947,4.578136832631126
Pingan,42,Original_LTLC,1.5,1.0,,0.7424605580832069,0.5875432639037746,0.8645641699518177,0.7990067977780927,4.7071895948533236
Pingan,42,Original_LTLC,1.5,1.5,,0.7176246159025277,0.5613573639070342,0.8551321360782596,0.7853308974992841,5.013266828873536
Pingan,42,Original_LTLC,1.5,2.0,,0.6995609243272676,0.5468598238663449,0.8487662432471894,0.7761618087201809,5.376270786063323
Pingan,42,Original_LTLC,1.75,0.0,,0.7614856156393481,0.6372689756079016,0.8792816469557599,0.8202959775985768,4.33176932407036
Pingan,42,Original_LTLC,1.75,0.25,,0.7552169332943885,0.6164366117629608,0.873704190392758,0.8122336962093578,4.432785442448776
Pingan,42,Original_LTLC,1.75,0.5,,0.749795985848841,0.601787750886104,0.8695283983063221,0.8062129541366077,4.558126733898948
Pingan,42,Original_LTLC,1.75,0.75,,0.7426039130688047,0.5865584014147724,0.8643013578624616,0.7986486666121232,4.706560678249637
Pingan,42,Original_LTLC,1.75,1.0,,0.7272749116079332,0.5693261338540869,0.8581690757774858,0.789747227593729,4.877127208271717
Pingan,42,Original_LTLC,1.75,1.5,,0.7024091522235631,0.5484648115918956,0.8498758942911374,0.7777716424098243,5.278253357342167
Pingan,42,Original_LTLC,1.75,2.0,,0.6863795838563446,0.5355268996277904,0.8419331289239305,0.7663301043485655,5.750056349326703
Pingan,42,Original_LTLC,2.0,0.0,,0.7588539329691393,0.6268725947499644,0.8761863045700102,0.8158232682708176,4.372557141443347
Pingan,42,Original_LTLC,2.0,0.25,,0.7526478771727032,0.6075222168646418,0.8710176668126733,0.808382588303455,4.501787897310741
Pingan,42,Original_LTLC,2.0,0.5,,0.7456154897654586,0.5907506334339503,0.8657322236822894,0.8007343523663559,4.661557869658064
Pingan,42,Original_LTLC,2.0,0.75,,0.7303282896489192,0.5712377899925161,0.8587823039859833,0.7906764640790083,4.850550277100936
Pingan,42,Original_LTLC,2.0,1.0,,0.7156049679802323,0.5584999328514766,0.853818075631479,0.7834810659580214,5.066643043971234
Pingan,42,Original_LTLC,2.0,1.5,,0.6930443197207036,0.5396457108920676,0.8449116659366331,0.7706363428467093,5.57080949187273
Pingan,42,Original_LTLC,2.0,2.0,,0.6751313044602517,0.5273782499852745,0.8360344575850489,0.7578429263872547,6.163361766610597
Pingan,42,R1,0.0,,0.0,0.7568442431073149,0.7227617159459365,0.8968900569426194,0.8450978631229918,4.200384947317972
Pingan,42,R1,0.0,,0.25,0.765096811656077,0.7128836802751627,0.8957804058986714,0.8436385763033275,4.207243486570981
Pingan,42,R1,0.0,,0.5,0.769235955988765,0.6963876956663069,0.8931522850051102,0.8399441902329828,4.222003160749531
Pingan,42,R1,0.0,,0.75,0.7675458580373309,0.6791416207666148,0.8901737479924077,0.8357141128490255,4.245685272434081
Pingan,42,R1,0.0,,1.0,0.7661471753117708,0.6636551566881959,0.8867279894875164,0.8307931580092681,4.278912804970692
Pingan,42,R1,0.0,,1.5,0.7588329397367332,0.6335752511338211,0.8796028617316397,0.8205860095853351,4.374224138142453
Pingan,42,R1,0.0,,2.0,0.7517699389318888,0.611957525888928,0.873003358154475,0.8110989674611294,4.5055559299053565
Pingan,42,R1,0.25,,0.0,0.7665243488919359,0.7156955348262839,0.8963936341071689,0.8445755550814554,4.202172010951904
Pingan,42,R1,0.25,,0.25,0.7708185906534404,0.6998263871407614,0.8938531172433932,0.8410051244304715,4.2154393702107775
Pingan,42,R1,0.25,,0.5,0.768724330726507,0.6823018269667362,0.890670170827858,0.8364637010285279,4.237273862538059
Pingan,42,R1,0.25,,0.75,0.7673425849575681,0.6661640222082532,0.8873120163527523,0.831663328805265,4.268404206027795
Pingan,42,R1,0.25,,1.0,0.7626728481133359,0.6500882631701851,0.8836618484450285,0.8264237243993766,4.309102352558266
Pingan,42,R1,0.25,,1.5,0.7561036924755375,0.6231223248719344,0.8764783180026281,0.8161278832914594,4.4184045069829345
Pingan,42,R1,0.25,,2.0,0.7492554619027455,0.6059417617033691,0.870930062782888,0.8081264417249798,4.5619801326500005
Pingan,42,R1,0.5,,0.0,0.7715545263953009,0.7040995354528006,0.8946707548547234,0.8422382910781897,4.209437513772816
Pingan,42,R1,0.5,,0.25,0.7696547366482639,0.6855826577315127,0.8912249963498321,0.8372912271830756,4.229521332968096
Pingan,42,R1,0.5,,0.5,0.7680231148248543,0.6686086206678231,0.8878376405314644,0.8324518709549963,4.258627707962079
Pingan,42,R1,0.5,,0.75,0.7642248849635976,0.6532889621825315,0.8843042779967879,0.8273886621504161,4.297146521837211
Pingan,42,R1,0.5,,1.0,0.7610771785544213,0.6388735562191309,0.8806833114323259,0.8221991423249251,4.345045669262061
Pingan,42,R1,0.5,,1.5,0.7544527955076916,0.6156610492770922,0.8742590159147321,0.8129534226503426,4.467504143252592
Pingan,42,R1,0.5,,2.0,0.7477994984849418,0.6003779302122261,0.8688859687545627,0.8051976140653084,4.622653400068929
Pingan,42,R1,0.75,,0.0,0.7713712759761304,0.6899617128761711,0.892071835304424,0.8385543585333376,4.2223963896406875
Pingan,42,R1,0.75,,0.25,0.7689893416692409,0.6722799406680791,0.888450868739962,0.8333622342956878,4.249559149295383
Pingan,42,R1,0.75,,0.5,0.7657910685838593,0.6567212307687309,0.8850343115783326,0.8284736582357191,4.285952403463208
Pingan,42,R1,0.75,,0.75,0.7617315211940286,0.6414271842310184,0.8812381369542999,0.823015356815177,4.331643863633174
Pingan,42,R1,0.75,,1.0,0.7583177375155155,0.6268701988137372,0.87732515695722,0.8173842483811071,4.386369430207326
Pingan,42,R1,0.75,,1.5,0.75126893112271,0.6079774086217543,0.8716600963644328,0.8092115085871023,4.521177732880052
Pingan,42,R1,0.75,,2.0,0.7420448944775455,0.5916453911605408,0.8659950357716455,0.8010189295003535,4.687378976973904
Pingan,42,R1,1.0,,0.0,0.7704291693343126,0.6757677137808071,0.889297707694554,0.8346289009125376,4.241171717230738
Pingan,42,R1,1.0,,0.25,0.7664949091813085,0.659222600386147,0.885530734413783,0.8292040657469305,4.275501401126961
Pingan,42,R1,1.0,,0.5,0.7626462544261909,0.6433346100636508,0.8814425463571324,0.8233227401976655,4.319021274730332
Pingan,42,R1,1.0,,0.75,0.7592247752516368,0.6298406792947329,0.8779967878522412,0.8183727157134072,4.371547113814526
Pingan,42,R1,1.0,,1.0,0.7549189849003259,0.617913070190417,0.8746386333771353,0.8135223047267356,4.43267576449655
Pingan,42,R1,1.0,,1.5,0.7488301671293647,0.6013429213513277,0.8693823915900132,0.8059519901822463,4.579141224059272
Pingan,42,R1,1.0,,2.0,0.7363652928135858,0.5835499345337222,0.8632501095050372,0.7970479102152936,4.756022390537863
Pingan,42,R1,1.25,,0.0,0.7670605439536894,0.6620659853679335,0.8860271572492334,0.8299323688365147,4.26577172892521
Pingan,42,R1,1.25,,0.25,0.7629913677594011,0.6459575705236142,0.8819097678493211,0.824002172851654,4.3071648802557565
Pingan,42,R1,1.25,,0.5,0.7603651916497767,0.6322758269395125,0.8784056066579062,0.8189882764400911,4.357512850739448
Pingan,42,R1,1.25,,0.75,0.7556743427872307,0.6198717794020514,0.875105854869324,0.8142179421748049,4.416463004217146
Pingan,42,R1,1.25,,1.0,0.7531869749651806,0.6111048703803766,0.8724485326325011,0.8103962580747411,4.483602403951246
Pingan,42,R1,1.25,,1.5,0.7466051047340836,0.5952916076808945,0.8672506935319024,0.802872877475828,4.641188119988307
Pingan,42,R1,1.25,,2.0,0.7289214589434082,0.5743596770043952,0.8601839684625493,0.7926217754836931,4.82844718341101
Pingan,42,R1,1.5,,0.0,0.7645711585650932,0.6494617716755797,0.8825521974010805,0.824963151570879,4.296058316378265
Pingan,42,R1,1.5,,0.25,0.7618433394695148,0.6355158698695593,0.8790480362096657,0.819941109105001,4.344257503463961
Pingan,42,R1,1.5,,0.5,0.7569517557739054,0.6223392357570153,0.8754270696452037,0.8146964799252107,4.401044249385169
Pingan,42,R1,1.5,,0.75,0.7543236115657141,0.6127027627024515,0.8727989487516425,0.810920615481433,4.466021272918095
Pingan,42,R1,1.5,,1.0,0.7504094825921857,0.6034991793286684,0.8701124251715578,0.8070306501033142,4.5388541201377
Pingan,42,R1,1.5,,1.5,0.7424605580832069,0.5875432639037746,0.8645641699518177,0.7990067977780927,4.7071895948533236
Pingan,42,R1,1.5,,2.0,0.7234818094052567,0.5669935163414935,0.8573806395094175,0.7885866374294692,4.904483315144357
Pingan,42,R1,1.75,,0.0,0.7614856156393481,0.6372689756079016,0.8792816469557599,0.8202959775985768,4.33176932407036
Pingan,42,R1,1.75,,0.25,0.7573495735394078,0.6243682515050989,0.8757482844210833,0.8151758649274736,4.386412088812679
Pingan,42,R1,1.75,,0.5,0.7552493528617372,0.6143508772052209,0.8732077675573077,0.8115199347903584,4.449239690177948
Pingan,42,R1,1.75,,0.75,0.7515122909998982,0.6053787287901308,0.8704920426339612,0.8076042306873443,4.519919345027516
Pingan,42,R1,1.75,,1.0,0.7479309869736318,0.5973233068701932,0.8679515257701854,0.803918070378919,4.598215596087508
Pingan,42,R1,1.75,,1.5,0.7373413507741424,0.579366743500718,0.8615272302525916,0.7946286135190554,4.777029353059777
Pingan,42,R1,1.75,,2.0,0.7191631884312866,0.5617842020780576,0.8554241495108775,0.78578008525333,4.9839399252907395
Pingan,42,R1,2.0,,0.0,0.7588539329691393,0.6268725947499644,0.8761863045700102,0.8158232682708176,4.372557141443347
Pingan,42,R1,2.0,,0.25,0.7565722349331347,0.6169564714945823,0.8735873850197109,0.8120963680515473,4.433251699001196
Pingan,42,R1,2.0,,0.5,0.7526478771727032,0.6075222168646418,0.8710176668126733,0.808382588303455,4.501787897310741
Pingan,42,R1,2.0,,0.75,0.748664281053322,0.598593437128835,0.8683603445758505,0.8045279617519989,4.5779380280129836
Pingan,42,R1,2.0,,1.0,0.7456154897654586,0.5907506334339503,0.8657322236822894,0.8007343523663559,4.661557869658064
Pingan,42,R1,2.0,,1.5,0.7303282896489192,0.5712377899925161,0.8587823039859833,0.7906764640790083,4.850550277100936
Pingan,42,R1,2.0,,2.0,0.7156049679802323,0.5584999328514766,0.853818075631479,0.7834810659580214,5.066643043971234
Pingan,42,Standard_LA,0.0,,,0.7568442431073149,0.7227617159459365,0.8968900569426194,0.8450978631229918,4.200384947317972
Pingan,42,Standard_LA,0.25,,,0.7665243488919359,0.7156955348262839,0.8963936341071689,0.8445755550814554,4.202172010951904
Pingan,42,Standard_LA,0.5,,,0.7715545263953009,0.7040995354528006,0.8946707548547234,0.8422382910781897,4.209437513772816
Pingan,42,Standard_LA,0.75,,,0.7713712759761304,0.6899617128761711,0.892071835304424,0.8385543585333376,4.2223963896406875
Pingan,42,Standard_LA,1.0,,,0.7704291693343126,0.6757677137808071,0.889297707694554,0.8346289009125376,4.241171717230738
Pingan,42,Standard_LA,1.25,,,0.7670605439536894,0.6620659853679335,0.8860271572492334,0.8299323688365147,4.26577172892521
Pingan,42,Standard_LA,1.5,,,0.7645711585650932,0.6494617716755797,0.8825521974010805,0.824963151570879,4.296058316378265
Pingan,42,Standard_LA,1.75,,,0.7614856156393481,0.6372689756079016,0.8792816469557599,0.8202959775985768,4.33176932407036
Pingan,42,Standard_LA,2.0,,,0.7588539329691393,0.6268725947499644,0.8761863045700102,0.8158232682708176,4.372557141443347
Pingan,123,Original_LTLC,0.0,0.0,,0.714285643150948,0.6656642602331048,0.8721565191998832,0.8087703647750782,4.202230391562376
Pingan,123,Original_LTLC,0.0,0.25,,0.714285643150948,0.6656642602331048,0.8721565191998832,0.8087703647750782,4.202230391562376
Pingan,123,Original_LTLC,0.0,0.5,,0.714285643150948,0.6656642602331048,0.8721565191998832,0.8087703647750782,4.202230391562376
Pingan,123,Original_LTLC,0.0,0.75,,0.714285643150948,0.6656642602331048,0.8721565191998832,0.8087703647750782,4.202230391562376
Pingan,123,Original_LTLC,0.0,1.0,,0.714285643150948,0.6656642602331048,0.8721565191998832,0.8087703647750782,4.202230391562376
Pingan,123,Original_LTLC,0.0,1.5,,0.714285643150948,0.6656642602331048,0.8721565191998832,0.8087703647750782,4.202230391562376
Pingan,123,Original_LTLC,0.0,2.0,,0.714285643150948,0.6656642602331048,0.8721565191998832,0.8087703647750782,4.202230391562376
Pingan,123,Original_LTLC,0.25,0.0,,0.7187815882894505,0.6563419482448992,0.871222076215506,0.8077776813232427,4.209107140396675
Pingan,123,Original_LTLC,0.25,0.25,,0.7201964376776839,0.6538122986086943,0.8710760694991969,0.8076440310843294,4.212115455072111
Pingan,123,Original_LTLC,0.25,0.5,,0.7203471089924729,0.6498335630871965,0.8705796466637465,0.8069841795394069,4.215603616297476
Pingan,123,Original_LTLC,0.25,0.75,,0.7206992109454384,0.6465829058367722,0.8701124251715578,0.8063650748483837,4.219596383042463
Pingan,123,Original_LTLC,0.25,1.0,,0.7223098315275407,0.6430285864554702,0.869674405022631,0.8058341797819757,4.224120037760158
Pingan,123,Original_LTLC,0.25,1.5,,0.7240728447704444,0.6328484014656605,0.8681559351730179,0.8038133270642726,4.234867103403749
Pingan,123,Original_LTLC,0.25,2.0,,0.7238396347306918,0.6220756630926875,0.8666958680099285,0.8018387041154532,4.248044869478369
Pingan,123,Original_LTLC,0.5,0.0,,0.7223193254834612,0.645063024388847,0.86982041173894,0.8060957728169459,4.221760469147993
Pingan,123,Original_LTLC,0.5,0.25,,0.7239619719306477,0.6361017723033935,0.8684771499488977,0.804333527905673,4.231717881060119
Pingan,123,Original_LTLC,0.5,0.5,,0.7249082897865613,0.6259583966829343,0.8669586800992846,0.8022703684254454,4.243952121390025
Pingan,123,Original_LTLC,0.5,0.75,,0.7250338340052029,0.6176276586204845,0.8658782303985983,0.8008159441082805,4.258626692603924
Pingan,123,Original_LTLC,0.5,1.0,,0.725010604342312,0.6099124956908214,0.8646225726383414,0.7990951092234231,4.275840651024583
Pingan,123,Original_LTLC,0.5,1.5,,0.7260674841538693,0.6005282936423955,0.8632501095050372,0.7972894179907435,4.317870390109345
Pingan,123,Original_LTLC,0.5,2.0,,0.7286948499065373,0.594016874608174,0.8619944517447803,0.7956671820013613,4.3694708241290465
Pingan,123,Original_LTLC,0.75,0.0,,0.7260659244557907,0.6301330606574932,0.8672506935319024,0.802758306227004,4.240609860592026
Pingan,123,Original_LTLC,0.75,0.25,,0.7251993667314449,0.6169501308913367,0.8654402102496714,0.8002705965087137,4.262038991543821
Pingan,123,Original_LTLC,0.75,0.5,,0.726953435196035,0.6064557426952849,0.8640969484596291,0.7984891767554585,4.288993693154097
Pingan,123,Original_LTLC,0.75,0.75,,0.726384125535828,0.599277138434845,0.8629580960724194,0.7969668893147003,4.3214948230332135
Pingan,123,Original_LTLC,0.75,1.0,,0.7286901276179182,0.5946631638182791,0.8619652504015185,0.7956669222128474,4.35930167675993
Pingan,123,Original_LTLC,0.75,1.5,,0.7287039839047282,0.5861545299133585,0.8593079281646956,0.7920276791069685,4.449641848466429
Pingan,123,Original_LTLC,0.75,2.0,,0.7306192580846534,0.5799611499220554,0.856738209957658,0.7885324742424652,4.558100525998346
Pingan,123,Original_LTLC,1.0,0.0,,0.726398773687349,0.6168890368511368,0.8652942035333625,0.8001511624211888,4.265829233482758
Pingan,123,Original_LTLC,1.0,0.25,,0.727566012195445,0.6037883836618668,0.8636297269674404,0.7979454833409906,4.3031906819007135
Pingan,123,Original_LTLC,1.0,0.5,,0.7289311280020836,0.5958789844305364,0.8619944517447803,0.7957530100583893,4.350074727757951
Pingan,123,Original_LTLC,1.0,0.75,,0.7303294541792578,0.590332810391204,0.8605343845816907,0.7937885933113256,4.405930568104848
Pingan,123,Original_LTLC,1.0,1.0,,0.7290960948413412,0.5839751062533792,0.8584902905533655,0.7909689250395917,4.4701624511069715
Pingan,123,Original_LTLC,1.0,1.5,,0.7309201715999178,0.5765672219642397,0.8552489414513068,0.7864935150318453,4.6219114375468555
Pingan,123,Original_LTLC,1.0,2.0,,0.7297040263878468,0.5724699070659615,0.8516279748868448,0.7814205047579746,4.802217149768613
Pingan,123,Original_LTLC,1.25,0.0,,0.7290504249957899,0.6066717307066645,0.8636881296539641,0.7980909882686823,4.297257475188229
Pingan,123,Original_LTLC,1.25,0.25,,0.7298085102897787,0.5951494467028351,0.8615564315958534,0.7952144429191548,4.354366140936577
Pingan,123,Original_LTLC,1.25,0.5,,0.7301225766156556,0.5870123681975488,0.8595123375675281,0.7924395586606248,4.425333930865623
Pingan,123,Original_LTLC,1.25,0.75,,0.7302274367541912,0.581135943140837,0.857176230106585,0.7891887148547343,4.509136064133593
Pingan,123,Original_LTLC,1.25,1.0,,0.7313462275518514,0.5765052438687768,0.8554241495108775,0.7867712259502871,4.604913939812243
Pingan,123,Original_LTLC,1.25,1.5,,0.7306347811726387,0.5712083132475161,0.8507519345889911,0.7802443559856818,4.829634213496459
Pingan,123,Original_LTLC,1.25,2.0,,0.7336579371236123,0.5712938767744977,0.8465177398160315,0.7743864970785317,5.095136097205081
Pingan,123,Original_LTLC,1.5,0.0,,0.7300981631939574,0.5988026177406527,0.8620820557745656,0.7959903002215558,4.334483287581072
Pingan,123,Original_LTLC,1.5,0.25,,0.7308286341481341,0.5884078903533585,0.8595415389107899,0.7925102841490697,4.41456703333031
Pingan,123,Original_LTLC,1.5,0.5,,0.7320718593853592,0.580930248732877,0.8571178274200614,0.789159392818286,4.513306119218929
Pingan,123,Original_LTLC,1.5,0.75,,0.7319234599250448,0.5748001329003094,0.8547525186158563,0.7858922548533617,4.6292454117672035
Pingan,123,Original_LTLC,1.5,1.0,,0.7313199886552194,0.5714124089878424,0.8519491896627245,0.781979198315519,4.761185693205382
Pingan,123,Original_LTLC,1.5,1.5,,0.7330756386583672,0.5693971443643447,0.8465469411592933,0.77446788038362,5.0695883525912455
Pingan,123,Original_LTLC,1.5,2.0,,0.7321799033765051,0.5694765856142503,0.8416703168345744,0.7676896178464205,5.4318187305572305
Pingan,123,Original_LTLC,1.75,0.0,,0.7312960648331465,0.5928630391392733,0.8604467805519054,0.7937754758604837,4.377041926056227
Pingan,123,Original_LTLC,1.75,0.25,,0.7308424543797684,0.5817438983847149,0.8574974448824646,0.7897094472618958,4.483010824611172
Pingan,123,Original_LTLC,1.75,0.5,,0.7321985112862117,0.575177935214691,0.8547817199591181,0.7859624774696481,4.612938272037132
Pingan,123,Original_LTLC,1.75,0.75,,0.7321216295395997,0.5707648481090708,0.851598773543583,0.7815409919714897,4.764878981169375
Pingan,123,Original_LTLC,1.75,1.0,,0.7337658920996758,0.5700502702162588,0.848532632501095,0.7772849397348811,4.937411074167813
Pingan,123,Original_LTLC,1.75,1.5,,0.7340303892725684,0.5688091922885534,0.842692363848737,0.7691432164825186,5.339008744212481
Pingan,123,Original_LTLC,1.75,2.0,,0.724764256680691,0.5672946719517398,0.8355380347495985,0.7591398926736974,5.809651540400458
Pingan,123,Original_LTLC,2.0,0.0,,0.730394775177671,0.5867464708588288,0.8588699080157687,0.7916285623770762,4.424531403714795
Pingan,123,Original_LTLC,2.0,0.25,,0.732434035161169,0.5768520458920378,0.8554825521974011,0.7869752952273747,4.559108040614572
Pingan,123,Original_LTLC,2.0,0.5,,0.7328931395311205,0.5706128380836033,0.852007592349248,0.7821594755220721,4.7234123080489425
Pingan,123,Original_LTLC,2.0,0.75,,0.734570960947661,0.5695422592360213,0.8487370419039276,0.7776113161805358,4.915112802288567
Pingan,123,Original_LTLC,2.0,1.0,,0.7344453120559453,0.5680429546865068,0.8452620820557746,0.7727492321055263,5.132330286766241
Pingan,123,Original_LTLC,2.0,1.5,,0.7297628637576091,0.5666244758072861,0.838399766389254,0.7631960613278918,5.636206624343081
Pingan,123,Original_LTLC,2.0,2.0,,0.7166671488377416,0.5614196510086872,0.8292597459483136,0.7504063406234689,6.227248862550483
Pingan,123,Standard_LA,0.0,,,0.714285643150948,0.6656642602331048,0.8721565191998832,0.8087703647750782,4.202230391562376
Pingan,123,Standard_LA,0.25,,,0.7187815882894505,0.6563419482448992,0.871222076215506,0.8077776813232427,4.209107140396675
Pingan,123,Standard_LA,0.5,,,0.7223193254834612,0.645063024388847,0.86982041173894,0.8060957728169459,4.221760469147993
Pingan,123,Standard_LA,0.75,,,0.7260659244557907,0.6301330606574932,0.8672506935319024,0.802758306227004,4.240609860592026
Pingan,123,Standard_LA,1.0,,,0.726398773687349,0.6168890368511368,0.8652942035333625,0.8001511624211888,4.265829233482758
Pingan,123,Standard_LA,1.25,,,0.7290504249957899,0.6066717307066645,0.8636881296539641,0.7980909882686823,4.297257475188229
Pingan,123,Standard_LA,1.5,,,0.7300981631939574,0.5988026177406527,0.8620820557745656,0.7959903002215558,4.334483287581072
Pingan,123,Standard_LA,1.75,,,0.7312960648331465,0.5928630391392733,0.8604467805519054,0.7937754758604837,4.377041926056227
Pingan,123,Standard_LA,2.0,,,0.730394775177671,0.5867464708588288,0.8588699080157687,0.7916285623770762,4.424531403714795
Pingan,3407,Original_LTLC,0.0,0.0,,0.7468555044009366,0.709759580689169,0.8771791502409111,0.816637213832523,2.569313179365171
Pingan,3407,Original_LTLC,0.0,0.25,,0.7468555044009366,0.709759580689169,0.8771791502409111,0.816637213832523,2.569313179365171
Pingan,3407,Original_LTLC,0.0,0.5,,0.7468555044009366,0.709759580689169,0.8771791502409111,0.816637213832523,2.569313179365171
Pingan,3407,Original_LTLC,0.0,0.75,,0.7468555044009366,0.709759580689169,0.8771791502409111,0.816637213832523,2.569313179365171
Pingan,3407,Original_LTLC,0.0,1.0,,0.7468555044009366,0.709759580689169,0.8771791502409111,0.816637213832523,2.569313179365171
Pingan,3407,Original_LTLC,0.0,1.5,,0.7468555044009366,0.709759580689169,0.8771791502409111,0.816637213832523,2.569313179365171
Pingan,3407,Original_LTLC,0.0,2.0,,0.7468555044009366,0.709759580689169,0.8771791502409111,0.816637213832523,2.569313179365171
Pingan,3407,Original_LTLC,0.25,0.0,,0.752963994451262,0.7080699136900017,0.8768579354650314,0.8163004272534432,2.575343787336693
Pingan,3407,Original_LTLC,0.25,0.25,,0.7551254416398316,0.7071552029757238,0.8769455394948168,0.8164639342441741,2.5774303164864407
Pingan,3407,Original_LTLC,0.25,0.5,,0.7564745758333139,0.7057642077569681,0.8767995327785079,0.8162823437260703,2.5798105397347446
Pingan,3407,Original_LTLC,0.25,0.75,,0.7558307314133368,0.7019404384360751,0.8763031099430574,0.8155789782175075,2.5824912932806514
Pingan,3407,Original_LTLC,0.25,1.0,,0.7574706633473968,0.699749062220506,0.8760110965104395,0.8151841069212383,2.5854792333566623
Pingan,3407,Original_LTLC,0.25,1.5,,0.7610231462756227,0.6963594149671769,0.8757190830778215,0.8148434700824035,2.59240306306571
Pingan,3407,Original_LTLC,0.25,2.0,,0.7606325399730794,0.6889776712181704,0.874813841436706,0.8135697550964585,2.600637031665949
Pingan,3407,Original_LTLC,0.5,0.0,,0.7567965215585681,0.7015563201199532,0.8760987005402249,0.8153472528517398,2.584674096608585
Pingan,3407,Original_LTLC,0.5,0.25,,0.7603516507069508,0.698630785815524,0.8757774857643451,0.8149581555835232,2.591105101589178
Pingan,3407,Original_LTLC,0.5,0.5,,0.7607128016183271,0.6909787638926097,0.8748722441232296,0.81368197226946,2.598802496363099
Pingan,3407,Original_LTLC,0.5,0.75,,0.7609169738181993,0.6855918700774251,0.8743174186012557,0.8129094548736714,2.607821957093121
Pingan,3407,Original_LTLC,0.5,1.0,,0.7604928485100156,0.6788177920387899,0.8732077675573077,0.8113375473708474,2.6182305437295046
Pingan,3407,Original_LTLC,0.5,1.5,,0.7612075852269714,0.6686718580849168,0.8716016936779092,0.8091000854788916,2.6435418818102465
Pingan,3407,Original_LTLC,0.5,2.0,,0.7588233024090996,0.6570920325504245,0.8691779821871806,0.8056537736982166,2.67547236729164
Pingan,3407,Original_LTLC,0.75,0.0,,0.7614334013400572,0.6941174802358077,0.8751350562125858,0.8140855615172875,2.5973762544946837
Pingan,3407,Original_LTLC,0.75,0.25,,0.7609347022911381,0.6841353476587463,0.8737625930792816,0.8121450051282852,2.6105696060271772
Pingan,3407,Original_LTLC,0.75,0.5,,0.7604484407282739,0.6753915947066197,0.8725069353190247,0.8103792901585299,2.626850317424344
Pingan,3407,Original_LTLC,0.75,0.75,,0.7615592692084611,0.6678442407476007,0.8715140896481238,0.8090083732433769,2.646489078221797
Pingan,3407,Original_LTLC,0.75,1.0,,0.7593341209384975,0.658262884181726,0.8694407942765368,0.8060444203027003,2.669802778718069
Pingan,3407,Original_LTLC,0.75,1.5,,0.7564339951832956,0.6448332494857276,0.8660242371149073,0.8012048588360309,2.7288039838062192
Pingan,3407,Original_LTLC,0.75,2.0,,0.7497958807294762,0.6321610401138741,0.8618484450284714,0.7952372575240454,2.806695984166802
Pingan,3407,Original_LTLC,1.0,0.0,,0.7617323955403175,0.6838061401992795,0.8736165863629727,0.8119699588777073,2.6135057635136985
Pingan,3407,Original_LTLC,1.0,0.25,,0.761322745449967,0.6713167865293933,0.8718353044240035,0.8094572894273866,2.636098489166973
Pingan,3407,Original_LTLC,1.0,0.5,,0.7601215730076939,0.6604880413657737,0.86982041173894,0.8066145752855279,2.664767379218073
Pingan,3407,Original_LTLC,1.0,0.75,,0.7589357825366354,0.6503309847704746,0.8675719083077822,0.8034273568838539,2.700284167003589
Pingan,3407,Original_LTLC,1.0,1.0,,0.7557733905049997,0.6418962773954389,0.8652650021901007,0.8001545099444703,2.7434572975556195
Pingan,3407,Original_LTLC,1.0,1.5,,0.7405796267870304,0.6202092110548827,0.8583734851803183,0.7902969639152563,2.8565381052990335
Pingan,3407,Original_LTLC,1.0,2.0,,0.7236641432579757,0.5983942538255866,0.8501095050372317,0.7786534633846827,3.0133636180957577
Pingan,3407,Original_LTLC,1.25,0.0,,0.7616455374899083,0.6736780754513568,0.8720981165133597,0.8098607274269164,2.6331549583209486
Pingan,3407,Original_LTLC,1.25,0.25,,0.7606103271746394,0.6597429093281599,0.8696452036793693,0.8064034686066736,2.668124029676046
Pingan,3407,Original_LTLC,1.25,0.5,,0.7587906127737414,0.6469085697674368,0.8666666666666667,0.8021561093283069,2.713666438622453
Pingan,3407,Original_LTLC,1.25,0.75,,0.7536209525194986,0.6358061771122614,0.8635421229376551,0.7977259014100139,2.7713920151029714
Pingan,3407,Original_LTLC,1.25,1.0,,0.7468820996803769,0.6247239341605961,0.8593663308512192,0.7917631029930882,2.843222782892515
Pingan,3407,Original_LTLC,1.25,1.5,,0.7226810197388691,0.5953363704708268,0.8489998539932837,0.7771604032724462,3.0390113575632918
Pingan,3407,Original_LTLC,1.25,2.0,,0.7012071564848567,0.5732687836643162,0.8385749744488247,0.7625145621792676,3.310021985600957
Pingan,3407,Original_LTLC,1.5,0.0,,0.7615385026199648,0.6640388664009931,0.870521243977223,0.8076761955400895,2.6564703667603835
Pingan,3407,Original_LTLC,1.5,0.25,,0.7594172410401745,0.6487783057069406,0.8670754854723317,0.8027758664161854,2.7071866082318508
Pingan,3407,Original_LTLC,1.5,0.5,,0.7537181726986034,0.6348847804655741,0.8632501095050372,0.7973314905709794,2.774805823896387
Pingan,3407,Original_LTLC,1.5,0.75,,0.7458742003777757,0.6214469223586276,0.8584902905533655,0.7905854973819922,2.862669601092785
Pingan,3407,Original_LTLC,1.5,1.0,,0.729950101510844,0.6032591101253265,0.8519199883194627,0.7812603793969224,2.9751360833662
Pingan,3407,Original_LTLC,1.5,1.5,,0.7032933654343319,0.5734128763672783,0.8390129945977515,0.7631416432085736,3.282420894841776
Pingan,3407,Original_LTLC,1.5,2.0,,0.6859146726643065,0.5554917385079957,0.8272448532632501,0.7468627577077831,3.6837717327104498
Pingan,3407,Original_LTLC,1.75,0.0,,0.761230673658096,0.6560549659257261,0.8684771499488977,0.8047958675834328,2.6836398016174696
Pingan,3407,Original_LTLC,1.75,0.25,,0.7564812266226868,0.638353848136038,0.8643013578624616,0.7988580389690964,2.7538828491088676
Pingan,3407,Original_LTLC,1.75,0.5,,0.7495142718971938,0.6238404281994706,0.8593079281646956,0.791786910787696,2.849887211473853
Pingan,3407,Original_LTLC,1.75,0.75,,0.7311862793196411,0.6024138948291309,0.8516863775733684,0.7809804468045423,2.9782693495705113
Pingan,3407,Original_LTLC,1.75,1.0,,0.7143977305384073,0.5839922284208983,0.8442692363848737,0.7705588890689664,3.1443754794711136
Pingan,3407,Original_LTLC,1.75,1.5,,0.6892358654973098,0.5574901670707313,0.8294933566944079,0.7499679533071136,3.5786699870695022
Pingan,3407,Original_LTLC,1.75,2.0,,0.6678350134419494,0.5366182888192476,0.8141334501387064,0.7289118387284527,4.126373807905611
Pingan,3407,Original_LTLC,2.0,0.0,,0.7598643955552318,0.6473369344175401,0.8665790626368813,0.8021223485108319,2.714873245197483
Pingan,3407,Original_LTLC,2.0,0.25,,0.7517891300532844,0.628693132358012,0.8610892101036648,0.79431496509502,2.808980486863025
Pingan,3407,Original_LTLC,2.0,0.5,,0.7361295501374137,0.6061719350444016,0.8536136662286465,0.7837117458799928,2.941324380077506
Pingan,3407,Original_LTLC,2.0,0.75,,0.7190832660380708,0.5866064772203666,0.845203679369251,0.7719161090205817,3.1214190964106545
Pingan,3407,Original_LTLC,2.0,1.0,,0.7022450847444384,0.5692641927501889,0.8365016790772376,0.759730350839386,3.349141620084506
Pingan,3407,Original_LTLC,2.0,1.5,,0.6777913917112658,0.5443053570972769,0.820032121477588,0.7370215955026028,3.922146525932448
Pingan,3407,Original_LTLC,2.0,2.0,,0.6539463437732204,0.5185910825771745,0.8009636443276391,0.7111494482557066,4.6373700494605306
Pingan,3407,Standard_LA,0.0,,,0.7468555044009366,0.709759580689169,0.8771791502409111,0.816637213832523,2.569313179365171
Pingan,3407,Standard_LA,0.25,,,0.752963994451262,0.7080699136900017,0.8768579354650314,0.8163004272534432,2.575343787336693
Pingan,3407,Standard_LA,0.5,,,0.7567965215585681,0.7015563201199532,0.8760987005402249,0.8153472528517398,2.584674096608585
Pingan,3407,Standard_LA,0.75,,,0.7614334013400572,0.6941174802358077,0.8751350562125858,0.8140855615172875,2.5973762544946837
Pingan,3407,Standard_LA,1.0,,,0.7617323955403175,0.6838061401992795,0.8736165863629727,0.8119699588777073,2.6135057635136985
Pingan,3407,Standard_LA,1.25,,,0.7616455374899083,0.6736780754513568,0.8720981165133597,0.8098607274269164,2.6331549583209486
Pingan,3407,Standard_LA,1.5,,,0.7615385026199648,0.6640388664009931,0.870521243977223,0.8076761955400895,2.6564703667603835
Pingan,3407,Standard_LA,1.75,,,0.761230673658096,0.6560549659257261,0.8684771499488977,0.8047958675834328,2.6836398016174696
Pingan,3407,Standard_LA,2.0,,,0.7598643955552318,0.6473369344175401,0.8665790626368813,0.8021223485108319,2.714873245197483
Qingyun,42,Original_LTLC,0.0,0.0,,0.7638322808613521,0.7018945170739306,0.7413316538959449,0.6631432331355005,5.748202758366621
Qingyun,42,Original_LTLC,0.0,0.25,,0.7638322808613521,0.7018945170739306,0.7413316538959449,0.6631432331355005,5.748202758366621
Qingyun,42,Original_LTLC,0.0,0.5,,0.7638322808613521,0.7018945170739306,0.7413316538959449,0.6631432331355005,5.748202758366621
Qingyun,42,Original_LTLC,0.0,0.75,,0.7638322808613521,0.7018945170739306,0.7413316538959449,0.6631432331355005,5.748202758366621
Qingyun,42,Original_LTLC,0.0,1.0,,0.7638322808613521,0.7018945170739306,0.7413316538959449,0.6631432331355005,5.748202758366621
Qingyun,42,Original_LTLC,0.0,1.5,,0.7638322808613521,0.7018945170739306,0.7413316538959449,0.6631432331355005,5.748202758366621
Qingyun,42,Original_LTLC,0.0,2.0,,0.7638322808613521,0.7018945170739306,0.7413316538959449,0.6631432331355005,5.748202758366621
Qingyun,42,Original_LTLC,0.25,0.0,,0.7670046537078138,0.7015672260090597,0.7398971344599559,0.6617113052762646,5.791056197548952
Qingyun,42,Original_LTLC,0.25,0.25,,0.7679362400581781,0.7013071201241665,0.7396172282285435,0.6614640928277081,5.799929077987713
Qingyun,42,Original_LTLC,0.25,0.5,,0.7680374624781234,0.7010423283785738,0.7391973688814247,0.6610028384070885,5.808964781001724
Qingyun,42,Original_LTLC,0.25,0.75,,0.7685175076438798,0.7008815154230553,0.738777509534306,0.6605528452612064,5.818171924143845
Qingyun,42,Original_LTLC,0.25,1.0,,0.7682865759896167,0.699063642973487,0.7384626150239669,0.6602473974854253,5.8275603124144375
Qingyun,42,Original_LTLC,0.25,1.5,,0.7684580246110461,0.6963328218762173,0.737587908050803,0.6593300355865205,5.846926905642945
Qingyun,42,Original_LTLC,0.25,2.0,,0.7674655388693066,0.6938363652101938,0.7367481893565655,0.6584529110316911,5.867173302601206
Qingyun,42,Original_LTLC,0.5,0.0,,0.7682566278486876,0.6998903903541899,0.7378328260032889,0.6595570189183521,5.83738952747526
Qingyun,42,Original_LTLC,0.5,0.25,,0.7680603220740362,0.6975340721944759,0.7369931073090514,0.6586753854299645,5.856913880010065
Qingyun,42,Original_LTLC,0.5,0.5,,0.7679182739462472,0.6945646202061869,0.7362583534515937,0.6579376158495994,5.877269260945454
Qingyun,42,Original_LTLC,0.5,0.75,,0.7692223588606635,0.692665048333657,0.7354536230362828,0.6571721784824811,5.89857515951566
Qingyun,42,Original_LTLC,0.5,1.0,,0.7684256527075606,0.6859714207603441,0.7343339981106329,0.6559771037032459,5.920988412638542
Qingyun,42,Original_LTLC,0.5,1.5,,0.7667685843545796,0.6730420969469787,0.7320597599804065,0.6536000980394917,5.97001800665189
Qingyun,42,Original_LTLC,0.5,2.0,,0.7647459887510744,0.6499838978300374,0.7292606976662818,0.6507116744930878,6.026755547016065
Qingyun,42,Original_LTLC,0.75,0.0,,0.7685030468395725,0.6961662256628999,0.7360134354991078,0.6577425046403287,5.887684055804961
Qingyun,42,Original_LTLC,0.75,0.25,,0.7693566893651685,0.6925503490435991,0.7345089395052657,0.6562040683116251,5.920176122735363
Qingyun,42,Original_LTLC,0.75,0.5,,0.768167752033977,0.6837400657652782,0.7328644903957174,0.6544668912192345,5.955169573385825
Qingyun,42,Original_LTLC,0.75,0.75,,0.7666125273835016,0.6741662713692836,0.7312200412861691,0.652797495399373,5.993379728601202
Qingyun,42,Original_LTLC,0.75,1.0,,0.7675149199114566,0.6592997815044287,0.7292956859452083,0.6508448354242521,6.0358294008163895
Qingyun,42,Original_LTLC,0.75,1.5,,0.7612043471789787,0.6213014424345494,0.7236975613169588,0.6449289821803474,6.138803679380135
Qingyun,42,Original_LTLC,0.75,2.0,,0.7566781789894983,0.5974399340116378,0.718519296035828,0.6397790911976892,6.273842516706681
Qingyun,42,Original_LTLC,1.0,0.0,,0.7697751396319931,0.6924765599378544,0.733459291137469,0.6551180397200351,5.942505186150082
Qingyun,42,Original_LTLC,1.0,0.25,,0.7675528166262219,0.6817232401135396,0.7313599944018754,0.6529605074919433,5.991090276654884
Qingyun,42,Original_LTLC,1.0,0.5,,0.7681697218834854,0.6672704318143398,0.7289458031559427,0.6504978645662812,6.0458907849593375
Qingyun,42,Original_LTLC,1.0,0.75,,0.7651992323509664,0.6413666154824332,0.7253769987054337,0.646705118771032,6.1095806175627425
Qingyun,42,Original_LTLC,1.0,1.0,,0.7627378688696226,0.6175600175833466,0.7219831356495574,0.6433151904612382,6.185372110815965
Qingyun,42,Original_LTLC,1.0,1.5,,0.7511879801578588,0.589358436452662,0.714390679122494,0.6355660226067725,6.3826531786953264
Qingyun,42,Original_LTLC,1.0,2.0,,0.7351837399910061,0.5710464849304904,0.7037542423288199,0.6243006081044954,6.650931420992957
Qingyun,42,Original_LTLC,1.25,0.0,,0.7675390087878681,0.6856467584076946,0.7306952171022707,0.6522828600929289,6.002531834865653
Qingyun,42,Original_LTLC,1.25,0.25,,0.7676693222314078,0.6680021614076613,0.7276162485567335,0.6490992157170259,6.07154784721703
Qingyun,42,Original_LTLC,1.25,0.5,,0.765704073906952,0.6366828815512845,0.7233126902487667,0.6446202878288497,6.154196632279298
Qingyun,42,Original_LTLC,1.25,0.75,,0.7631733749863758,0.6102652296617341,0.718834190546167,0.6401873209207614,6.2564772581129295
Qingyun,42,Original_LTLC,1.25,1.0,,0.7547520782150183,0.5928406173384887,0.7144256674014205,0.6357198876569703,6.382794490806391
Qingyun,42,Original_LTLC,1.25,1.5,,0.7317134726786946,0.5674109590297803,0.6995556488576327,0.6197103900517094,6.719605770924995
Qingyun,42,Original_LTLC,1.25,2.0,,0.7068758249222716,0.5503314411805789,0.6819915328364998,0.6006696686139761,7.190749050720347
Qingyun,42,Original_LTLC,1.5,0.0,,0.7686421762058964,0.6768577757430817,0.7278261782302928,0.6493507094460392,6.068574959843965
Qingyun,42,Original_LTLC,1.5,0.25,,0.7692088118290621,0.6464518774458331,0.7233476785276932,0.6447682579317763,6.16398574855873
Qingyun,42,Original_LTLC,1.5,0.5,,0.7638575286018753,0.61086760601211,0.7175396242258844,0.638877606866684,6.2853400912408155
Qingyun,42,Original_LTLC,1.5,0.75,,0.7535068081308306,0.5900931994727596,0.7119414995976348,0.6331695511383458,6.4407779501481475
Qingyun,42,Original_LTLC,1.5,1.0,,0.741873362599732,0.5759335075296583,0.7045239844652041,0.6253130051922019,6.635551990111849
Qingyun,42,Original_LTLC,1.5,1.5,,0.7105976314701564,0.5513486291198043,0.6822014625100591,0.6010112690608591,7.168384265539256
Qingyun,42,Original_LTLC,1.5,2.0,,0.6807982327232279,0.5371252205665954,0.6627129911479654,0.5805019202484327,7.897778334157201
Qingyun,42,Original_LTLC,1.75,0.0,,0.7677954596448688,0.6654007910330172,0.7239074909905182,0.6452350574466775,6.141570593047412
Qingyun,42,Original_LTLC,1.75,0.25,,0.7664430248173325,0.6216114894226451,0.7183443546411952,0.6397606718210163,6.271023783708873
Qingyun,42,Original_LTLC,1.75,0.5,,0.7565775984047568,0.5942750219206575,0.7118365347608551,0.6331379521762882,6.442896741684793
Qingyun,42,Original_LTLC,1.75,0.75,,0.7418852196854786,0.575922606961798,0.7032993947027746,0.6241161975900974,6.666801658551719
Qingyun,42,Original_LTLC,1.75,1.0,,0.7223463909424304,0.558166185679024,0.6887442706693258,0.608047868824542,6.9537943191077
Qingyun,42,Original_LTLC,1.75,1.5,,0.68924311393898,0.5400269725311574,0.6665267135509604,0.5845507483687967,7.728914742104795
Qingyun,42,Original_LTLC,1.75,2.0,,0.6553236726285535,0.5242572253779799,0.6380112662258144,0.5551933052475916,8.790750728269789
Qingyun,42,Original_LTLC,2.0,0.0,,0.7710385189910326,0.6517651272921812,0.7209334872817607,0.6424951398533979,6.2225330538326435
Qingyun,42,Original_LTLC,2.0,0.25,,0.7626514163211814,0.605503162176778,0.7134110073125502,0.6348078605091054,6.394743596040191
Qingyun,42,Original_LTLC,2.0,0.5,,0.7454088875273176,0.5801222469767414,0.7043140547916448,0.6252351628182785,6.629190362255799
Qingyun,42,Original_LTLC,2.0,0.75,,0.7252539600195234,0.5595176269268297,0.6888492355061054,0.6082898845577961,6.941346880394929
Qingyun,42,Original_LTLC,2.0,1.0,,0.7085228945727332,0.5483592375802867,0.6767432909975158,0.5954071907037779,7.341407925254424
Qingyun,42,Original_LTLC,2.0,1.5,,0.66614056057617,0.5282241622665783,0.6464434414471152,0.5637855985569369,8.40886815019738
Qingyun,42,Original_LTLC,2.0,2.0,,0.6214881742217766,0.5081754471194384,0.6080263111857528,0.524498220811926,9.897344839323875
Qingyun,42,R1,0.0,,0.0,0.7638322808613521,0.7018945170739306,0.7413316538959449,0.6631432331355005,5.748202758366621
Qingyun,42,R1,0.0,,0.25,0.766819745935852,0.7015110571326035,0.7402120289702949,0.6620376410356603,5.781805117146904
Qingyun,42,R1,0.0,,0.5,0.7679869359289215,0.6974429539395413,0.7386025681396732,0.6603429482591734,5.817973177270778
Qingyun,42,R1,0.0,,0.75,0.7671054241667408,0.690647379883209,0.7368181659144186,0.6584505745166743,5.857425764970898
Qingyun,42,R1,0.0,,1.0,0.7672760003721445,0.6788954224890956,0.7350687519680907,0.6567006393050276,5.901371869548793
Qingyun,42,R1,0.0,,1.5,0.7615808948997329,0.6343126698864706,0.729400650781988,0.6507362589206587,6.01196977472141
Qingyun,42,R1,0.0,,2.0,0.7504371354017674,0.5976262854485805,0.7218781708127777,0.6429482083945309,6.173404047911304
Qingyun,42,R1,0.25,,0.0,0.7670046537078138,0.7015672260090597,0.7398971344599559,0.6617113052762646,5.791056197548952
Qingyun,42,R1,0.25,,0.25,0.7682865759896167,0.699063642973487,0.7384626150239669,0.6602473974854253,5.8275603124144375
Qingyun,42,R1,0.25,,0.5,0.7674655388693066,0.6938363652101938,0.7367481893565655,0.6584529110316911,5.867173302601206
Qingyun,42,R1,0.25,,0.75,0.7679456582600593,0.6830210958633032,0.7347888457366782,0.6564424530264216,5.910917216343252
Qingyun,42,R1,0.25,,1.0,0.7668161709999476,0.6670093155544167,0.7322347013750393,0.6537385317974027,5.960533991803241
Qingyun,42,R1,0.25,,1.5,0.7608547910248308,0.6203543989110128,0.726146740841818,0.6474599711929644,6.08897751264399
Qingyun,42,R1,0.25,,2.0,0.7492325935024661,0.5909014838754219,0.7184843077569014,0.6395886996630094,6.275115006642986
Qingyun,42,R1,0.5,,0.0,0.7682566278486876,0.6998903903541899,0.7378328260032889,0.6595570189183521,5.83738952747526
Qingyun,42,R1,0.5,,0.25,0.7679182739462472,0.6945646202061869,0.7362583534515937,0.6579376158495994,5.877269260945454
Qingyun,42,R1,0.5,,0.5,0.7684256527075606,0.6859714207603441,0.7343339981106329,0.6559771037032459,5.920988412638542
Qingyun,42,R1,0.5,,0.75,0.7667685843545796,0.6730420969469787,0.7320597599804065,0.6536000980394917,5.97001800665189
Qingyun,42,R1,0.5,,1.0,0.7647459887510744,0.6499838978300374,0.7292606976662818,0.6507116744930878,6.026755547016065
Qingyun,42,R1,0.5,,1.5,0.7570962982315649,0.6070460222579335,0.7218781708127777,0.6430614232177962,6.176074195981264
Qingyun,42,R1,0.5,,2.0,0.7460446637543017,0.5845209926916658,0.7144256674014205,0.6354660070815173,6.388117139587472
Qingyun,42,R1,0.75,,0.0,0.7685030468395725,0.6961662256628999,0.7360134354991078,0.6577425046403287,5.887684055804961
Qingyun,42,R1,0.75,,0.25,0.769386666763079,0.6899641466089124,0.7340540918792204,0.6557239358967073,5.931532943379487
Qingyun,42,R1,0.75,,0.5,0.7666600183425994,0.6771461488821154,0.7318148420279207,0.6534321547339473,5.980229376285633
Qingyun,42,R1,0.75,,0.75,0.7675149199114566,0.6592997815044287,0.7292956859452083,0.6508448354242521,6.0358294008163895
Qingyun,42,R1,0.75,,1.0,0.7643639745556213,0.6326680039174598,0.7259717994471852,0.6473887972123489,6.101322029927434
Qingyun,42,R1,0.75,,1.5,0.7566781789894983,0.5974399340116378,0.718519296035828,0.6397790911976892,6.273842516706681
Qingyun,42,R1,0.75,,2.0,0.7422479310159651,0.5786907293261244,0.7104719918827193,0.631543488397544,6.513058132657772
Qingyun,42,R1,1.0,,0.0,0.7697751396319931,0.6924765599378544,0.733459291137469,0.6551180397200351,5.942505186150082
Qingyun,42,R1,1.0,,0.25,0.7675528166262219,0.6817232401135396,0.7313599944018754,0.6529605074919433,5.991090276654884
Qingyun,42,R1,1.0,,0.5,0.7681697218834854,0.6672704318143398,0.7289458031559427,0.6504978645662812,6.0458907849593375
Qingyun,42,R1,1.0,,0.75,0.7651992323509664,0.6413666154824332,0.7253769987054337,0.646705118771032,6.1095806175627425
Qingyun,42,R1,1.0,,1.0,0.7627378688696226,0.6175600175833466,0.7219831356495574,0.6433151904612382,6.185372110815965
Qingyun,42,R1,1.0,,1.5,0.7511879801578588,0.589358436452662,0.714390679122494,0.6355660226067725,6.3826531786953264
Qingyun,42,R1,1.0,,2.0,0.7351837399910061,0.5710464849304904,0.7037542423288199,0.6243006081044954,6.650931420992957
Qingyun,42,R1,1.25,,0.0,0.7675390087878681,0.6856467584076946,0.7306952171022707,0.6522828600929289,6.002531834865653
Qingyun,42,R1,1.25,,0.25,0.7677051248365757,0.6720618142395516,0.7281760610195585,0.6496430527917383,6.056838053058412
Qingyun,42,R1,1.25,,0.5,0.7672421590274895,0.6500065188637731,0.7249221510793884,0.6462410366213867,6.11911369276683
Qingyun,42,R1,1.25,,0.75,0.7653687619345805,0.6246183868103715,0.7218781708127777,0.6432408383017346,6.192444055098715
Qingyun,42,R1,1.25,,1.0,0.762624740017474,0.6064395955642325,0.7180644484097827,0.6394370863858215,6.279723887493915
Qingyun,42,R1,1.25,,1.5,0.7450073910071807,0.5820903630056883,0.7097722263041881,0.6307915204026547,6.502973428569508
Qingyun,42,R1,1.25,,2.0,0.7254998503735207,0.5624051579482382,0.6949721843182534,0.6146141886852431,6.802723680473591
Qingyun,42,R1,1.5,,0.0,0.7686421762058964,0.6768577757430817,0.7278261782302928,0.6493507094460392,6.068574959843965
Qingyun,42,R1,1.5,,0.25,0.7677097638632643,0.6585080924315931,0.7244323151744165,0.64574890251327,6.129814880386061
Qingyun,42,R1,1.5,,0.5,0.7676226416783803,0.6325305774719573,0.7217032294181449,0.6431305768187693,6.201055401153037
Qingyun,42,R1,1.5,,0.75,0.7638575286018753,0.61086760601211,0.7175396242258844,0.638877606866684,6.2853400912408155
Qingyun,42,R1,1.5,,1.0,0.7585099840592764,0.597017324394502,0.7142157377278612,0.6355778586269876,6.3848600836620095
Qingyun,42,R1,1.5,,1.5,0.741873362599732,0.5759335075296583,0.7045239844652041,0.6253130051922019,6.635551990111849
Qingyun,42,R1,1.5,,2.0,0.7214807004643281,0.5575621966423885,0.6887792589482523,0.6080257601402626,6.968649637293962
Qingyun,42,R1,1.75,,0.0,0.7677954596448688,0.6654007910330172,0.7239074909905182,0.6452350574466775,6.141570593047412
Qingyun,42,R1,1.75,,0.25,0.7681682132559393,0.6409652918842405,0.721213393513173,0.642657711270151,6.211120570058611
Qingyun,42,R1,1.75,,0.5,0.7650639308214666,0.6163459446826193,0.7175046359469578,0.6389449682651592,6.292704652442946
Qingyun,42,R1,1.75,,0.75,0.7609809432406954,0.6013550729321735,0.7137958783807424,0.6352096235816471,6.3888476608791365
Qingyun,42,R1,1.75,,1.0,0.7522700755310102,0.5877354352699927,0.7094923200727756,0.6306725673758802,6.501166257712356
Qingyun,42,R1,1.75,,1.5,0.7325043873683673,0.5666862737360094,0.6965816451488751,0.6166252563609375,6.781426967150792
Qingyun,42,R1,1.75,,2.0,0.7151562625739504,0.5526839745603888,0.6825513452993247,0.6014780645816988,7.148306598922643
Qingyun,42,R1,2.0,,0.0,0.7710385189910326,0.6517651272921812,0.7209334872817607,0.6424951398533979,6.2225330538326435
Qingyun,42,R1,2.0,,0.25,0.7673176140322107,0.6237523600058198,0.717329694552325,0.6388523617483214,6.301765628691549
Qingyun,42,R1,2.0,,0.5,0.7626514163211814,0.605503162176778,0.7134110073125502,0.6348078605091054,6.394743596040191
Qingyun,42,R1,2.0,,0.75,0.7557534166395067,0.5911288164385752,0.7088625310520975,0.6300383703204476,6.503359508126905
Qingyun,42,R1,2.0,,1.0,0.7454088875273176,0.5801222469767414,0.7043140547916448,0.6252351628182785,6.629190362255799
Qingyun,42,R1,2.0,,1.5,0.7252539600195234,0.5595176269268297,0.6888492355061054,0.6082898845577961,6.941346880394929
Qingyun,42,R1,2.0,,2.0,0.7085228945727332,0.5483592375802867,0.6767432909975158,0.5954071907037779,7.341407925254424
Qingyun,42,Standard_LA,0.0,,,0.7638322808613521,0.7018945170739306,0.7413316538959449,0.6631432331355005,5.748202758366621
Qingyun,42,Standard_LA,0.25,,,0.7670046537078138,0.7015672260090597,0.7398971344599559,0.6617113052762646,5.791056197548952
Qingyun,42,Standard_LA,0.5,,,0.7682566278486876,0.6998903903541899,0.7378328260032889,0.6595570189183521,5.83738952747526
Qingyun,42,Standard_LA,0.75,,,0.7685030468395725,0.6961662256628999,0.7360134354991078,0.6577425046403287,5.887684055804961
Qingyun,42,Standard_LA,1.0,,,0.7697751396319931,0.6924765599378544,0.733459291137469,0.6551180397200351,5.942505186150082
Qingyun,42,Standard_LA,1.25,,,0.7675390087878681,0.6856467584076946,0.7306952171022707,0.6522828600929289,6.002531834865653
Qingyun,42,Standard_LA,1.5,,,0.7686421762058964,0.6768577757430817,0.7278261782302928,0.6493507094460392,6.068574959843965
Qingyun,42,Standard_LA,1.75,,,0.7677954596448688,0.6654007910330172,0.7239074909905182,0.6452350574466775,6.141570593047412
Qingyun,42,Standard_LA,2.0,,,0.7710385189910326,0.6517651272921812,0.7209334872817607,0.6424951398533979,6.2225330538326435
Qingyun,123,Original_LTLC,0.0,0.0,,0.7509687982243811,0.6942404324616426,0.7384626150239669,0.6578576191554503,2.681491778716439
Qingyun,123,Original_LTLC,0.0,0.25,,0.7509687982243811,0.6942404324616426,0.7384626150239669,0.6578576191554503,2.681491778716439
Qingyun,123,Original_LTLC,0.0,0.5,,0.7509687982243811,0.6942404324616426,0.7384626150239669,0.6578576191554503,2.681491778716439
Qingyun,123,Original_LTLC,0.0,0.75,,0.7509687982243811,0.6942404324616426,0.7384626150239669,0.6578576191554503,2.681491778716439
Qingyun,123,Original_LTLC,0.0,1.0,,0.7509687982243811,0.6942404324616426,0.7384626150239669,0.6578576191554503,2.681491778716439
Qingyun,123,Original_LTLC,0.0,1.5,,0.7509687982243811,0.6942404324616426,0.7384626150239669,0.6578576191554503,2.681491778716439
Qingyun,123,Original_LTLC,0.0,2.0,,0.7509687982243811,0.6942404324616426,0.7384626150239669,0.6578576191554503,2.681491778716439
Qingyun,123,Original_LTLC,0.25,0.0,,0.750635925526313,0.6855746796354198,0.7356985409887687,0.6551197196089624,2.720057404739837
Qingyun,123,Original_LTLC,0.25,0.25,,0.7509952825025868,0.6823781546676018,0.7351037402470173,0.6545308791056045,2.729114832675954
Qingyun,123,Original_LTLC,0.25,0.5,,0.75145813742015,0.6791900843176483,0.7346139043420454,0.654097817510316,2.7385884494796917
Qingyun,123,Original_LTLC,0.25,0.75,,0.7513332426652471,0.6763804489229689,0.7338441622056611,0.6533161224898828,2.748510088825207
Qingyun,123,Original_LTLC,0.25,1.0,,0.7507080711560506,0.6736455578889576,0.7329344669535706,0.6523363280752621,2.758916232946365
Qingyun,123,Original_LTLC,0.25,1.5,,0.7502582040164713,0.663916709639161,0.731150064728316,0.6504869545071864,2.781358033994606
Qingyun,123,Original_LTLC,0.25,2.0,,0.7497469523539637,0.6534663283466627,0.7286658969245303,0.6478308032058477,2.806338512100841
Qingyun,123,Original_LTLC,0.5,0.0,,0.7513237657458404,0.6754789355310766,0.7326195724432315,0.6521032270000986,2.76604905445839
Qingyun,123,Original_LTLC,0.5,0.25,,0.7510609747128165,0.6682418940063042,0.7304852874287113,0.6497953484003549,2.7885231337606937
Qingyun,123,Original_LTLC,0.5,0.5,,0.7500405055234173,0.6584573477067931,0.727896154788146,0.6470090737454615,2.813378752701247
Qingyun,123,Original_LTLC,0.5,0.75,,0.7498367220554675,0.6490862949587143,0.7258668346104055,0.6449245050304226,2.841108323633191
Qingyun,123,Original_LTLC,0.5,1.0,,0.7486109801726087,0.6393547113549416,0.7234526433644729,0.6423754690724371,2.8723811892691447
Qingyun,123,Original_LTLC,0.5,1.5,,0.7446546175813097,0.6111048929829254,0.7152653860956579,0.6336388201573672,2.9497934491672493
Qingyun,123,Original_LTLC,0.5,2.0,,0.7327792031053865,0.5777735192313189,0.7014450159196669,0.6188926538842283,3.058361054135779
Qingyun,123,Original_LTLC,0.75,0.0,,0.7505089030927055,0.6620383358149989,0.7273363423253211,0.6464603366218706,2.821272478735894
Qingyun,123,Original_LTLC,0.75,0.25,,0.7487010754318607,0.6479567657815567,0.723522619922326,0.6423748710836481,2.8638093544954097
Qingyun,123,Original_LTLC,0.75,0.5,,0.7473301138617595,0.6322460058153817,0.7191490850565061,0.6378243152154135,2.914577461332443
Qingyun,123,Original_LTLC,0.75,0.75,,0.7434575276238115,0.6100301839625268,0.7127462300129457,0.6310489330274439,2.9771836535911524
Qingyun,123,Original_LTLC,0.75,1.0,,0.7358497902932354,0.5848906490284624,0.7027395822399496,0.6204157193323874,3.057361678215846
Qingyun,123,Original_LTLC,0.75,1.5,,0.7104195186821873,0.543744702427886,0.6690108813547462,0.5848975515657548,3.29940804637607
Qingyun,123,Original_LTLC,0.75,2.0,,0.6882268625233418,0.5283492365355572,0.6412651761659844,0.5574755221436277,3.6802975932322757
Qingyun,123,Original_LTLC,1.0,0.0,,0.7481729991627007,0.6475254111684644,0.7208984990028341,0.6395888822622687,2.8881948488586313
Qingyun,123,Original_LTLC,1.0,0.25,,0.7451891884811134,0.6255496944181976,0.7146006087960534,0.633022166769035,2.9615907028482886
Qingyun,123,Original_LTLC,1.0,0.5,,0.7382323526194199,0.5918359561729112,0.7031594415870683,0.6209726762906876,3.059604980569528
Qingyun,123,Original_LTLC,1.0,0.75,,0.7243826152065052,0.5604995576057286,0.6843357475245793,0.6012034591030428,3.19764784873615
Qingyun,123,Original_LTLC,1.0,1.0,,0.7049901999238308,0.5379841015001896,0.659249151534236,0.5752556271918998,3.391643137171368
Qingyun,123,Original_LTLC,1.0,1.5,,0.6749649630643333,0.5193480202267408,0.6230362828452468,0.5396103944830662,3.965893661655941
Qingyun,123,Original_LTLC,1.0,2.0,,0.6339648467693234,0.49689504169468357,0.5785661803295896,0.49545256032868407,4.767638937521527
Qingyun,123,Original_LTLC,1.25,0.0,,0.7445233247756121,0.6301874226150476,0.7134110073125502,0.6317660750662786,2.970304544508303
Qingyun,123,Original_LTLC,1.25,0.25,,0.7377822925319389,0.5905391842659381,0.6995206605787061,0.6173104371683814,3.0934053383411713
Qingyun,123,Original_LTLC,1.25,0.5,,0.7190540549008144,0.5521302263732173,0.6740491935201708,0.5907964672797025,3.279328191165754
Qingyun,123,Original_LTLC,1.25,0.75,,0.6979215356679486,0.5316827000355965,0.6459536055421434,0.5627273916146032,3.555580380451601
Qingyun,123,Original_LTLC,1.25,1.0,,0.6780965522744845,0.5195383044115037,0.6233861656345124,0.5402696747968224,3.9276874248386746
Qingyun,123,Original_LTLC,1.25,1.5,,0.6285118849315255,0.49020061902553413,0.5654455757321297,0.48268565559494586,4.934912498296775
Qingyun,123,Original_LTLC,1.25,2.0,,0.575256107222486,0.45945761910259436,0.5084846576396908,0.4271574901448279,6.2812846500637916
Qingyun,123,Original_LTLC,1.5,0.0,,0.7401342228254605,0.6069560408465596,0.7021797697771247,0.6201125235574524,3.0727272688453104
Qingyun,123,Original_LTLC,1.5,0.25,,0.7227709806239395,0.558139024510773,0.676813267555369,0.593966893527606,3.2764110303995047
Qingyun,123,Original_LTLC,1.5,0.5,,0.698133742778921,0.530312227576696,0.6413351527238376,0.5584194678419182,3.60219055620602
Qingyun,123,Original_LTLC,1.5,0.75,,0.6730209497115629,0.5141095921587966,0.611735068751968,0.5289470793061626,4.063644051041981
Qingyun,123,Original_LTLC,1.5,1.0,,0.6436929550407172,0.4957679434179807,0.5756971414576117,0.49305389272109185,4.651193586719976
Qingyun,123,Original_LTLC,1.5,1.5,,0.5802697842080786,0.45834329653032063,0.5066302788565831,0.42565418842193825,6.19029872678404
Qingyun,123,Original_LTLC,1.5,2.0,,0.4963587728231134,0.40472609521213826,0.4210139603232917,0.3443773085961901,8.263024749476685
Qingyun,123,Original_LTLC,1.75,0.0,,0.7342355689132334,0.5802388773114128,0.6881494699275743,0.6059947670038603,3.202566052159109
Qingyun,123,Original_LTLC,1.75,0.25,,0.7030985652175348,0.5337438230608319,0.6457086875896575,0.5626420175892344,3.526505289465079
Qingyun,123,Original_LTLC,1.75,0.5,,0.6766753184913913,0.5143990320938033,0.6104754907106119,0.5280915985120037,4.031548190245819
Qingyun,123,Original_LTLC,1.75,0.75,,0.6410035516090734,0.4911658674813184,0.5668451068891921,0.48436526989913553,4.708995670292776
Qingyun,123,Original_LTLC,1.75,1.0,,0.6032120413508837,0.46937970855636907,0.527448304817886,0.445845227764252,5.550837571740967
Qingyun,123,Original_LTLC,1.75,1.5,,0.5165339980800525,0.41374788318879374,0.4353241664042546,0.35799150893850823,7.75506915809122
Qingyun,123,Original_LTLC,1.75,2.0,,0.4266857898389585,0.35105794466973567,0.3463489730940135,0.2776888935926757,10.73514694501718
Qingyun,123,Original_LTLC,2.0,0.0,,0.7220269327337127,0.5552240982838884,0.6665267135509604,0.5841219910649684,3.3678297797593992
Qingyun,123,Original_LTLC,2.0,0.25,,0.6875894103391659,0.5207801641965958,0.6197473846261502,0.5375480030303738,3.8486396870304342
Qingyun,123,Original_LTLC,2.0,0.5,,0.6476811863365711,0.4926543741604559,0.5691543332983451,0.48671213019361753,4.559147369502399
Qingyun,123,Original_LTLC,2.0,0.75,,0.6063797426982885,0.46813587872130547,0.5246142542248347,0.4433073206562203,5.48540754557624
Qingyun,123,Original_LTLC,2.0,1.0,,0.5639737907632744,0.4404071032311285,0.47668031209544803,0.3975306115583811,6.6277548214209405
Qingyun,123,Original_LTLC,2.0,1.5,,0.4520301677088647,0.3651336019931788,0.3651726671565026,0.29439330146959536,9.655379526993107
Qingyun,123,Original_LTLC,2.0,2.0,,0.38189301613373594,0.3073605296454491,0.2877436058920262,0.22771782086159006,13.612450177318463
Qingyun,123,Standard_LA,0.0,,,0.7509687982243811,0.6942404324616426,0.7384626150239669,0.6578576191554503,2.681491778716439
Qingyun,123,Standard_LA,0.25,,,0.750635925526313,0.6855746796354198,0.7356985409887687,0.6551197196089624,2.720057404739837
Qingyun,123,Standard_LA,0.5,,,0.7513237657458404,0.6754789355310766,0.7326195724432315,0.6521032270000986,2.76604905445839
Qingyun,123,Standard_LA,0.75,,,0.7505089030927055,0.6620383358149989,0.7273363423253211,0.6464603366218706,2.821272478735894
Qingyun,123,Standard_LA,1.0,,,0.7481729991627007,0.6475254111684644,0.7208984990028341,0.6395888822622687,2.8881948488586313
Qingyun,123,Standard_LA,1.25,,,0.7445233247756121,0.6301874226150476,0.7134110073125502,0.6317660750662786,2.970304544508303
Qingyun,123,Standard_LA,1.5,,,0.7401342228254605,0.6069560408465596,0.7021797697771247,0.6201125235574524,3.0727272688453104
Qingyun,123,Standard_LA,1.75,,,0.7342355689132334,0.5802388773114128,0.6881494699275743,0.6059947670038603,3.202566052159109
Qingyun,123,Standard_LA,2.0,,,0.7220269327337127,0.5552240982838884,0.6665267135509604,0.5841219910649684,3.3678297797593992
Qingyun,3407,Original_LTLC,0.0,0.0,,0.7466855642251226,0.7025845476903304,0.7481193800076974,0.6725395154048849,5.22120464729285
Qingyun,3407,Original_LTLC,0.0,0.25,,0.7466855642251226,0.7025845476903304,0.7481193800076974,0.6725395154048849,5.22120464729285
Qingyun,3407,Original_LTLC,0.0,0.5,,0.7466855642251226,0.7025845476903304,0.7481193800076974,0.6725395154048849,5.22120464729285
Qingyun,3407,Original_LTLC,0.0,0.75,,0.7466855642251226,0.7025845476903304,0.7481193800076974,0.6725395154048849,5.22120464729285
Qingyun,3407,Original_LTLC,0.0,1.0,,0.7466855642251226,0.7025845476903304,0.7481193800076974,0.6725395154048849,5.22120464729285
Qingyun,3407,Original_LTLC,0.0,1.5,,0.7466855642251226,0.7025845476903304,0.7481193800076974,0.6725395154048849,5.22120464729285
Qingyun,3407,Original_LTLC,0.0,2.0,,0.7466855642251226,0.7025845476903304,0.7481193800076974,0.6725395154048849,5.22120464729285
Qingyun,3407,Original_LTLC,0.25,0.0,,0.74565690572912,0.6996688397860348,0.7454952590882055,0.6699284056585222,5.268919957627773
Qingyun,3407,Original_LTLC,0.25,0.25,,0.7452963213090346,0.699352039322468,0.744970434904307,0.6694304833624344,5.279058742371211
Qingyun,3407,Original_LTLC,0.25,0.5,,0.7459161740884573,0.6986251051526459,0.7441657044889962,0.6685742731114348,5.28945466550598
Qingyun,3407,Original_LTLC,0.25,0.75,,0.7460166952506061,0.6982188584639992,0.7437458451418775,0.6681856649431401,5.3001147431697495
Qingyun,3407,Original_LTLC,0.25,1.0,,0.7459240534149575,0.6976658287221653,0.7430460795633462,0.6674762441461878,5.311047274755942
Qingyun,3407,Original_LTLC,0.25,1.5,,0.7458030262014469,0.6964193269520407,0.7412616773380918,0.6655914463328786,5.333771992917057
Qingyun,3407,Original_LTLC,0.25,2.0,,0.7448959889900012,0.6941765020941779,0.7398621461810293,0.664141759235688,5.357740293076479
Qingyun,3407,Original_LTLC,0.5,0.0,,0.7463765354903472,0.6975875857970447,0.742031419474476,0.6663794049181924,5.322862973305865
Qingyun,3407,Original_LTLC,0.5,0.25,,0.7453300882032257,0.696257343050669,0.7404569469227809,0.6647491465869724,5.3460674444954
Qingyun,3407,Original_LTLC,0.5,0.5,,0.7447396847676125,0.6945846701111935,0.7389874392078654,0.663265550853244,5.370489414587572
Qingyun,3407,Original_LTLC,0.5,0.75,,0.7440883019653878,0.6926542857594523,0.7374479549350967,0.6616549306844881,5.396266684074917
Qingyun,3407,Original_LTLC,0.5,1.0,,0.7432703142781297,0.6903557257153073,0.7356635527098422,0.6597607113560048,5.423616205157369
Qingyun,3407,Original_LTLC,0.5,1.5,,0.7422358329173373,0.6734810692337859,0.7309751233336832,0.6548264212331977,5.484560092874632
Qingyun,3407,Original_LTLC,0.5,2.0,,0.7403420737197813,0.6405639892197869,0.7249921276372415,0.6485351716935516,5.558185107116713
Qingyun,3407,Original_LTLC,0.75,0.0,,0.7446035556652659,0.6950174923648684,0.738147720513628,0.6623948795488108,5.383678772321555
Qingyun,3407,Original_LTLC,0.75,0.25,,0.743624161267432,0.6921378569524351,0.7355935761519891,0.6596896216431903,5.423568715837532
Qingyun,3407,Original_LTLC,0.75,0.5,,0.7429394408858379,0.6875535588890885,0.7324796193275253,0.6564392517272214,5.467094176574133
Qingyun,3407,Original_LTLC,0.75,0.75,,0.7425052153670574,0.674231517099491,0.7291557328295021,0.6530345801425713,5.5155137418643365
Qingyun,3407,Original_LTLC,0.75,1.0,,0.7419802960104244,0.6514406964464644,0.7250271159161681,0.648714499424437,5.570953009382857
Qingyun,3407,Original_LTLC,0.75,1.5,,0.7309947736251047,0.5969669142684537,0.7111717574612505,0.6339065351224894,5.716508373255035
Qingyun,3407,Original_LTLC,0.75,2.0,,0.7166284995797509,0.5618150759794122,0.6915433329834505,0.6138008182855097,5.941242753993513
Qingyun,3407,Original_LTLC,1.0,0.0,,0.7429830854678167,0.6916169305224716,0.7335642559742487,0.657629210300321,5.452197140888987
Qingyun,3407,Original_LTLC,1.0,0.25,,0.7423636834644896,0.68389326841637,0.729400650781988,0.6532923784237821,5.5137491762401325
Qingyun,3407,Original_LTLC,1.0,0.5,,0.7416900023530261,0.6586092196292787,0.7240124558272979,0.6476603032083424,5.5851790962168515
Qingyun,3407,Original_LTLC,1.0,0.75,,0.7378062723730571,0.6239366267962086,0.7158251985584829,0.6388726447483135,5.672484453535257
Qingyun,3407,Original_LTLC,1.0,1.0,,0.7299518475340223,0.5904875355746482,0.7074280116161086,0.6302113769413621,5.785112693454636
Qingyun,3407,Original_LTLC,1.0,1.5,,0.7039946824533166,0.5497282705977491,0.6756936426297191,0.5970077899456057,6.134989792502318
Qingyun,3407,Original_LTLC,1.0,2.0,,0.6745549746353365,0.5316723427836872,0.6461635352157027,0.5661084843668244,6.68415472582115
Qingyun,3407,Original_LTLC,1.25,0.0,,0.7426422798712716,0.6866115145340332,0.7281410727406319,0.6519324332755168,5.529559613638111
Qingyun,3407,Original_LTLC,1.25,0.25,,0.740777436035803,0.6600020345508735,0.7209684755606872,0.6444207919070813,5.620388432846694
Qingyun,3407,Original_LTLC,1.25,0.5,,0.7365643731982288,0.6167630573917772,0.7117665582030019,0.634723518337676,5.735895178411701
Qingyun,3407,Original_LTLC,1.25,0.75,,0.7253420231341643,0.5772488642555168,0.6996606136944123,0.6223118397284196,5.89506396429866
Qingyun,3407,Original_LTLC,1.25,1.0,,0.7073147661633419,0.5524230191488718,0.678002869038872,0.5995809347798964,6.121803172885715
Qingyun,3407,Original_LTLC,1.25,1.5,,0.6706066597915838,0.528768947799469,0.6400755746824813,0.5599004676928055,6.808154982071792
Qingyun,3407,Original_LTLC,1.25,2.0,,0.6369030996721943,0.5099932210845505,0.5983345579230958,0.517057450680337,7.7915175891499135
Qingyun,3407,Original_LTLC,1.5,0.0,,0.741110463115762,0.6751924456448273,0.7213883349078059,0.6448623463812242,5.61735016200002
Qingyun,3407,Original_LTLC,1.5,0.25,,0.7367046791966714,0.6261178308346108,0.7112417340191036,0.6342482832180274,5.749268274473017
Qingyun,3407,Original_LTLC,1.5,0.5,,0.7248572940671422,0.5775243573434098,0.697701270074525,0.6203978170735893,5.936945497880768
Qingyun,3407,Original_LTLC,1.5,0.75,,0.7049468198850971,0.5490934320283124,0.6723697561316959,0.5937144956532978,6.219728260620394
Qingyun,3407,Original_LTLC,1.5,1.0,,0.6809241372590571,0.5336850786019233,0.6489975858087541,0.5691642710340377,6.613955384173726
Qingyun,3407,Original_LTLC,1.5,1.5,,0.6400042806620326,0.5114760476369947,0.6024631748364297,0.5214046265456741,7.723012139594554
Qingyun,3407,Original_LTLC,1.5,2.0,,0.5996258568603373,0.4873096366834571,0.5492460025891326,0.46806035704474147,9.256499672594922
Qingyun,3407,Original_LTLC,1.75,0.0,,0.7388500056923654,0.6557751348795825,0.7142857142857143,0.6375118708415168,5.717628952419145
Qingyun,3407,Original_LTLC,1.75,0.25,,0.7295235813858026,0.5924265615191574,0.7008502151779153,0.6236470656319032,5.908616272198452
Qingyun,3407,Original_LTLC,1.75,0.5,,0.7097739393525314,0.5520032328363617,0.6740841817990973,0.5956641408839266,6.209504985096969
Qingyun,3407,Original_LTLC,1.75,0.75,,0.6810211512454964,0.5331662902836513,0.6472831601413527,0.5675137869333035,6.658787752926502
Qingyun,3407,Original_LTLC,1.75,1.0,,0.658061951557162,0.521166802053934,0.6236660718659249,0.5432815828572269,7.253647408311197
Qingyun,3407,Original_LTLC,1.75,1.5,,0.606686968868329,0.49084067498746253,0.5583429551100382,0.47706163223364734,8.881775659661553
Qingyun,3407,Original_LTLC,1.75,2.0,,0.5651352164834146,0.4637925935714618,0.5065253140198034,0.42653322473915023,11.017797116437121
Qingyun,3407,Original_LTLC,2.0,0.0,,0.7348261982066955,0.6304017188361298,0.7060284804590462,0.6289598409149553,5.832955211261238
Qingyun,3407,Original_LTLC,2.0,0.25,,0.7206565057392177,0.5651663738664692,0.6851404779398902,0.6075114887433816,6.109127622027007
Qingyun,3407,Original_LTLC,2.0,0.5,,0.6899138778524181,0.5372300143219509,0.6527763199328225,0.5733467008219539,6.561796090568134
Qingyun,3407,Original_LTLC,2.0,0.75,,0.6606589655266466,0.5216490176217391,0.6250656030229873,0.5447401240498079,7.205944352653944
Qingyun,3407,Original_LTLC,2.0,1.0,,0.6304826800921406,0.5037453362188365,0.5867534375984045,0.5055232271364316,8.04066392973331
Qingyun,3407,Original_LTLC,2.0,1.5,,0.5796574426691846,0.47239365849725856,0.5224799692103146,0.4420650886622836,10.253235717524666
Qingyun,3407,Original_LTLC,2.0,2.0,,0.5313215306024027,0.436451344269929,0.4596410202582135,0.381810271512976,13.042267569313532
Qingyun,3407,Standard_LA,0.0,,,0.7466855642251226,0.7025845476903304,0.7481193800076974,0.6725395154048849,5.22120464729285
Qingyun,3407,Standard_LA,0.25,,,0.74565690572912,0.6996688397860348,0.7454952590882055,0.6699284056585222,5.268919957627773
Qingyun,3407,Standard_LA,0.5,,,0.7463765354903472,0.6975875857970447,0.742031419474476,0.6663794049181924,5.322862973305865
Qingyun,3407,Standard_LA,0.75,,,0.7446035556652659,0.6950174923648684,0.738147720513628,0.6623948795488108,5.383678772321555
Qingyun,3407,Standard_LA,1.0,,,0.7429830854678167,0.6916169305224716,0.7335642559742487,0.657629210300321,5.452197140888987
Qingyun,3407,Standard_LA,1.25,,,0.7426422798712716,0.6866115145340332,0.7281410727406319,0.6519324332755168,5.529559613638111
Qingyun,3407,Standard_LA,1.5,,,0.741110463115762,0.6751924456448273,0.7213883349078059,0.6448623463812242,5.61735016200002
Qingyun,3407,Standard_LA,1.75,,,0.7388500056923654,0.6557751348795825,0.7142857142857143,0.6375118708415168,5.717628952419145
Qingyun,3407,Standard_LA,2.0,,,0.7348261982066955,0.6304017188361298,0.7060284804590462,0.6289598409149553,5.832955211261238
